Id,View,Part,Group,Muscle,Side,coord,values
1,Anterior,Lower_Body,Groin,Adductor_Longus,Left,x1,146
1,Anterior,Lower_Body,Groin,Adductor_Longus,Left,y1,284
1,Anterior,Lower_Body,Groin,Adductor_Longus,Left,x2,150
1,Anterior,Lower_Body,Groin,Adductor_Longus,Left,y2,320
1,Anterior,Lower_Body,Groin,Adductor_Longus,Left,x3,164
1,Anterior,Lower_Body,Groin,Adductor_Longus,Left,y3,284
1,Anterior,Lower_Body,Groin,Adductor_Longus,Left,x4,169
1,Anterior,Lower_Body,Groin,Adductor_Longus,Left,y4,259
1,Anterior,Lower_Body,Groin,Adductor_Longus,Left,x5,176
1,Anterior,Lower_Body,Groin,Adductor_Longus,Left,y5,245
1,Anterior,Lower_Body,Groin,Adductor_Longus,Left,x6,164
1,Anterior,Lower_Body,Groin,Adductor_Longus,Left,y6,241
1,Anterior,Lower_Body,Groin,Adductor_Longus,Left,x7,156
1,Anterior,Lower_Body,Groin,Adductor_Longus,Left,y7,270
1,Anterior,Lower_Body,Groin,Adductor_Longus,Left,x8,NA
1,Anterior,Lower_Body,Groin,Adductor_Longus,Left,y8,NA
1,Anterior,Lower_Body,Groin,Adductor_Longus,Left,x9,NA
1,Anterior,Lower_Body,Groin,Adductor_Longus,Left,y9,NA
1,Anterior,Lower_Body,Groin,Adductor_Longus,Left,x10,NA
1,Anterior,Lower_Body,Groin,Adductor_Longus,Left,y10,NA
2,Anterior,Lower_Body,Groin,Adductor_Longus,Right,x1,134
2,Anterior,Lower_Body,Groin,Adductor_Longus,Right,y1,285
2,Anterior,Lower_Body,Groin,Adductor_Longus,Right,x2,127
2,Anterior,Lower_Body,Groin,Adductor_Longus,Right,y2,321
2,Anterior,Lower_Body,Groin,Adductor_Longus,Right,x3,120
2,Anterior,Lower_Body,Groin,Adductor_Longus,Right,y3,298
2,Anterior,Lower_Body,Groin,Adductor_Longus,Right,x4,116
2,Anterior,Lower_Body,Groin,Adductor_Longus,Right,y4,291
2,Anterior,Lower_Body,Groin,Adductor_Longus,Right,x5,114
2,Anterior,Lower_Body,Groin,Adductor_Longus,Right,y5,277
2,Anterior,Lower_Body,Groin,Adductor_Longus,Right,x6,110
2,Anterior,Lower_Body,Groin,Adductor_Longus,Right,y6,265
2,Anterior,Lower_Body,Groin,Adductor_Longus,Right,x7,102
2,Anterior,Lower_Body,Groin,Adductor_Longus,Right,y7,244
2,Anterior,Lower_Body,Groin,Adductor_Longus,Right,x8,114
2,Anterior,Lower_Body,Groin,Adductor_Longus,Right,y8,240
2,Anterior,Lower_Body,Groin,Adductor_Longus,Right,x9,119
2,Anterior,Lower_Body,Groin,Adductor_Longus,Right,y9,257
2,Anterior,Lower_Body,Groin,Adductor_Longus,Right,x10,124
2,Anterior,Lower_Body,Groin,Adductor_Longus,Right,y10,272
3,Posterior,Lower_Body,Groin,Adductor_Longus,Left,x1,442
3,Posterior,Lower_Body,Groin,Adductor_Longus,Left,y1,295
3,Posterior,Lower_Body,Groin,Adductor_Longus,Left,x2,434
3,Posterior,Lower_Body,Groin,Adductor_Longus,Left,y2,295
3,Posterior,Lower_Body,Groin,Adductor_Longus,Left,x3,426
3,Posterior,Lower_Body,Groin,Adductor_Longus,Left,y3,301
3,Posterior,Lower_Body,Groin,Adductor_Longus,Left,x4,435
3,Posterior,Lower_Body,Groin,Adductor_Longus,Left,y4,345
3,Posterior,Lower_Body,Groin,Adductor_Longus,Left,x5,443
3,Posterior,Lower_Body,Groin,Adductor_Longus,Left,y5,325
3,Posterior,Lower_Body,Groin,Adductor_Longus,Left,x6,444
3,Posterior,Lower_Body,Groin,Adductor_Longus,Left,y6,310
3,Posterior,Lower_Body,Groin,Adductor_Longus,Left,x7,NA
3,Posterior,Lower_Body,Groin,Adductor_Longus,Left,y7,NA
3,Posterior,Lower_Body,Groin,Adductor_Longus,Left,x8,NA
3,Posterior,Lower_Body,Groin,Adductor_Longus,Left,y8,NA
3,Posterior,Lower_Body,Groin,Adductor_Longus,Left,x9,NA
3,Posterior,Lower_Body,Groin,Adductor_Longus,Left,y9,NA
3,Posterior,Lower_Body,Groin,Adductor_Longus,Left,x10,NA
3,Posterior,Lower_Body,Groin,Adductor_Longus,Left,y10,NA
4,Posterior,Lower_Body,Groin,Adductor_Longus,Right,x1,451
4,Posterior,Lower_Body,Groin,Adductor_Longus,Right,y1,294
4,Posterior,Lower_Body,Groin,Adductor_Longus,Right,x2,460
4,Posterior,Lower_Body,Groin,Adductor_Longus,Right,y2,296
4,Posterior,Lower_Body,Groin,Adductor_Longus,Right,x3,468
4,Posterior,Lower_Body,Groin,Adductor_Longus,Right,y3,302
4,Posterior,Lower_Body,Groin,Adductor_Longus,Right,x4,458
4,Posterior,Lower_Body,Groin,Adductor_Longus,Right,y4,345
4,Posterior,Lower_Body,Groin,Adductor_Longus,Right,x5,451
4,Posterior,Lower_Body,Groin,Adductor_Longus,Right,y5,326
4,Posterior,Lower_Body,Groin,Adductor_Longus,Right,x6,449
4,Posterior,Lower_Body,Groin,Adductor_Longus,Right,y6,310
4,Posterior,Lower_Body,Groin,Adductor_Longus,Right,x7,NA
4,Posterior,Lower_Body,Groin,Adductor_Longus,Right,y7,NA
4,Posterior,Lower_Body,Groin,Adductor_Longus,Right,x8,NA
4,Posterior,Lower_Body,Groin,Adductor_Longus,Right,y8,NA
4,Posterior,Lower_Body,Groin,Adductor_Longus,Right,x9,NA
4,Posterior,Lower_Body,Groin,Adductor_Longus,Right,y9,NA
4,Posterior,Lower_Body,Groin,Adductor_Longus,Right,x10,NA
4,Posterior,Lower_Body,Groin,Adductor_Longus,Right,y10,NA
5,Anterior,Upper_Body,Arm,Biceps_Brachii_Long_Head,Right,x1,58
5,Anterior,Upper_Body,Arm,Biceps_Brachii_Long_Head,Right,y1,181
5,Anterior,Upper_Body,Arm,Biceps_Brachii_Long_Head,Right,x2,61
5,Anterior,Upper_Body,Arm,Biceps_Brachii_Long_Head,Right,y2,189
5,Anterior,Upper_Body,Arm,Biceps_Brachii_Long_Head,Right,x3,73
5,Anterior,Upper_Body,Arm,Biceps_Brachii_Long_Head,Right,y3,176
5,Anterior,Upper_Body,Arm,Biceps_Brachii_Long_Head,Right,x4,88
5,Anterior,Upper_Body,Arm,Biceps_Brachii_Long_Head,Right,y4,146
5,Anterior,Upper_Body,Arm,Biceps_Brachii_Long_Head,Right,x5,85
5,Anterior,Upper_Body,Arm,Biceps_Brachii_Long_Head,Right,y5,135
5,Anterior,Upper_Body,Arm,Biceps_Brachii_Long_Head,Right,x6,67
5,Anterior,Upper_Body,Arm,Biceps_Brachii_Long_Head,Right,y6,151
5,Anterior,Upper_Body,Arm,Biceps_Brachii_Long_Head,Right,x7,NA
5,Anterior,Upper_Body,Arm,Biceps_Brachii_Long_Head,Right,y7,NA
5,Anterior,Upper_Body,Arm,Biceps_Brachii_Long_Head,Right,x8,NA
5,Anterior,Upper_Body,Arm,Biceps_Brachii_Long_Head,Right,y8,NA
5,Anterior,Upper_Body,Arm,Biceps_Brachii_Long_Head,Right,x9,NA
5,Anterior,Upper_Body,Arm,Biceps_Brachii_Long_Head,Right,y9,NA
5,Anterior,Upper_Body,Arm,Biceps_Brachii_Long_Head,Right,x10,NA
5,Anterior,Upper_Body,Arm,Biceps_Brachii_Long_Head,Right,y10,NA
6,Anterior,Upper_Body,Arm,Biceps_Brachii_Long_Head,Left,x1,192
6,Anterior,Upper_Body,Arm,Biceps_Brachii_Long_Head,Left,y1,135
6,Anterior,Upper_Body,Arm,Biceps_Brachii_Long_Head,Left,x2,189
6,Anterior,Upper_Body,Arm,Biceps_Brachii_Long_Head,Left,y2,148
6,Anterior,Upper_Body,Arm,Biceps_Brachii_Long_Head,Left,x3,204
6,Anterior,Upper_Body,Arm,Biceps_Brachii_Long_Head,Left,y3,176
6,Anterior,Upper_Body,Arm,Biceps_Brachii_Long_Head,Left,x4,217
6,Anterior,Upper_Body,Arm,Biceps_Brachii_Long_Head,Left,y4,190
6,Anterior,Upper_Body,Arm,Biceps_Brachii_Long_Head,Left,x5,220
6,Anterior,Upper_Body,Arm,Biceps_Brachii_Long_Head,Left,y5,183
6,Anterior,Upper_Body,Arm,Biceps_Brachii_Long_Head,Left,x6,210
6,Anterior,Upper_Body,Arm,Biceps_Brachii_Long_Head,Left,y6,150
6,Anterior,Upper_Body,Arm,Biceps_Brachii_Long_Head,Left,x7,NA
6,Anterior,Upper_Body,Arm,Biceps_Brachii_Long_Head,Left,y7,NA
6,Anterior,Upper_Body,Arm,Biceps_Brachii_Long_Head,Left,x8,NA
6,Anterior,Upper_Body,Arm,Biceps_Brachii_Long_Head,Left,y8,NA
6,Anterior,Upper_Body,Arm,Biceps_Brachii_Long_Head,Left,x9,NA
6,Anterior,Upper_Body,Arm,Biceps_Brachii_Long_Head,Left,y9,NA
6,Anterior,Upper_Body,Arm,Biceps_Brachii_Long_Head,Left,x10,NA
6,Anterior,Upper_Body,Arm,Biceps_Brachii_Long_Head,Left,y10,NA
7,Anterior,Upper_Body,Arm,Biceps_Brachii_Short_Head,Right,x1,72
7,Anterior,Upper_Body,Arm,Biceps_Brachii_Short_Head,Right,y1,184
7,Anterior,Upper_Body,Arm,Biceps_Brachii_Short_Head,Right,x2,90
7,Anterior,Upper_Body,Arm,Biceps_Brachii_Short_Head,Right,y2,150
7,Anterior,Upper_Body,Arm,Biceps_Brachii_Short_Head,Right,x3,90
7,Anterior,Upper_Body,Arm,Biceps_Brachii_Short_Head,Right,y3,163
7,Anterior,Upper_Body,Arm,Biceps_Brachii_Short_Head,Right,x4,73
7,Anterior,Upper_Body,Arm,Biceps_Brachii_Short_Head,Right,y4,193
7,Anterior,Upper_Body,Arm,Biceps_Brachii_Short_Head,Right,x5,NA
7,Anterior,Upper_Body,Arm,Biceps_Brachii_Short_Head,Right,y5,NA
7,Anterior,Upper_Body,Arm,Biceps_Brachii_Short_Head,Right,x6,NA
7,Anterior,Upper_Body,Arm,Biceps_Brachii_Short_Head,Right,y6,NA
7,Anterior,Upper_Body,Arm,Biceps_Brachii_Short_Head,Right,x7,NA
7,Anterior,Upper_Body,Arm,Biceps_Brachii_Short_Head,Right,y7,NA
7,Anterior,Upper_Body,Arm,Biceps_Brachii_Short_Head,Right,x8,NA
7,Anterior,Upper_Body,Arm,Biceps_Brachii_Short_Head,Right,y8,NA
7,Anterior,Upper_Body,Arm,Biceps_Brachii_Short_Head,Right,x9,NA
7,Anterior,Upper_Body,Arm,Biceps_Brachii_Short_Head,Right,y9,NA
7,Anterior,Upper_Body,Arm,Biceps_Brachii_Short_Head,Right,x10,NA
7,Anterior,Upper_Body,Arm,Biceps_Brachii_Short_Head,Right,y10,NA
8,Anterior,Upper_Body,Arm,Biceps_Brachii_Short_Head,Left,x1,187
8,Anterior,Upper_Body,Arm,Biceps_Brachii_Short_Head,Left,y1,150
8,Anterior,Upper_Body,Arm,Biceps_Brachii_Short_Head,Left,x2,187
8,Anterior,Upper_Body,Arm,Biceps_Brachii_Short_Head,Left,y2,165
8,Anterior,Upper_Body,Arm,Biceps_Brachii_Short_Head,Left,x3,203
8,Anterior,Upper_Body,Arm,Biceps_Brachii_Short_Head,Left,y3,192
8,Anterior,Upper_Body,Arm,Biceps_Brachii_Short_Head,Left,x4,207
8,Anterior,Upper_Body,Arm,Biceps_Brachii_Short_Head,Left,y4,186
8,Anterior,Upper_Body,Arm,Biceps_Brachii_Short_Head,Left,x5,202
8,Anterior,Upper_Body,Arm,Biceps_Brachii_Short_Head,Left,y5,179
8,Anterior,Upper_Body,Arm,Biceps_Brachii_Short_Head,Left,x6,NA
8,Anterior,Upper_Body,Arm,Biceps_Brachii_Short_Head,Left,y6,NA
8,Anterior,Upper_Body,Arm,Biceps_Brachii_Short_Head,Left,x7,NA
8,Anterior,Upper_Body,Arm,Biceps_Brachii_Short_Head,Left,y7,NA
8,Anterior,Upper_Body,Arm,Biceps_Brachii_Short_Head,Left,x8,NA
8,Anterior,Upper_Body,Arm,Biceps_Brachii_Short_Head,Left,y8,NA
8,Anterior,Upper_Body,Arm,Biceps_Brachii_Short_Head,Left,x9,NA
8,Anterior,Upper_Body,Arm,Biceps_Brachii_Short_Head,Left,y9,NA
8,Anterior,Upper_Body,Arm,Biceps_Brachii_Short_Head,Left,x10,NA
8,Anterior,Upper_Body,Arm,Biceps_Brachii_Short_Head,Left,y10,NA
9,Posterior,Lower_Body,Hamstrings,Biceps_Femoris,Left,x1,397
9,Posterior,Lower_Body,Hamstrings,Biceps_Femoris,Left,y1,293
9,Posterior,Lower_Body,Hamstrings,Biceps_Femoris,Left,x2,402
9,Posterior,Lower_Body,Hamstrings,Biceps_Femoris,Left,y2,310
9,Posterior,Lower_Body,Hamstrings,Biceps_Femoris,Left,x3,415
9,Posterior,Lower_Body,Hamstrings,Biceps_Femoris,Left,y3,302
9,Posterior,Lower_Body,Hamstrings,Biceps_Femoris,Left,x4,412
9,Posterior,Lower_Body,Hamstrings,Biceps_Femoris,Left,y4,324
9,Posterior,Lower_Body,Hamstrings,Biceps_Femoris,Left,x5,410
9,Posterior,Lower_Body,Hamstrings,Biceps_Femoris,Left,y5,359
9,Posterior,Lower_Body,Hamstrings,Biceps_Femoris,Left,x6,398
9,Posterior,Lower_Body,Hamstrings,Biceps_Femoris,Left,y6,378
9,Posterior,Lower_Body,Hamstrings,Biceps_Femoris,Left,x7,397
9,Posterior,Lower_Body,Hamstrings,Biceps_Femoris,Left,y7,351
9,Posterior,Lower_Body,Hamstrings,Biceps_Femoris,Left,x8,394
9,Posterior,Lower_Body,Hamstrings,Biceps_Femoris,Left,y8,338
9,Posterior,Lower_Body,Hamstrings,Biceps_Femoris,Left,x9,393
9,Posterior,Lower_Body,Hamstrings,Biceps_Femoris,Left,y9,315
9,Posterior,Lower_Body,Hamstrings,Biceps_Femoris,Left,x10,NA
9,Posterior,Lower_Body,Hamstrings,Biceps_Femoris,Left,y10,NA
10,Posterior,Lower_Body,Hamstrings,Biceps_Femoris,Right,x1,497
10,Posterior,Lower_Body,Hamstrings,Biceps_Femoris,Right,y1,292
10,Posterior,Lower_Body,Hamstrings,Biceps_Femoris,Right,x2,492
10,Posterior,Lower_Body,Hamstrings,Biceps_Femoris,Right,y2,309
10,Posterior,Lower_Body,Hamstrings,Biceps_Femoris,Right,x3,479
10,Posterior,Lower_Body,Hamstrings,Biceps_Femoris,Right,y3,302
10,Posterior,Lower_Body,Hamstrings,Biceps_Femoris,Right,x4,483
10,Posterior,Lower_Body,Hamstrings,Biceps_Femoris,Right,y4,327
10,Posterior,Lower_Body,Hamstrings,Biceps_Femoris,Right,x5,485
10,Posterior,Lower_Body,Hamstrings,Biceps_Femoris,Right,y5,359
10,Posterior,Lower_Body,Hamstrings,Biceps_Femoris,Right,x6,496
10,Posterior,Lower_Body,Hamstrings,Biceps_Femoris,Right,y6,378
10,Posterior,Lower_Body,Hamstrings,Biceps_Femoris,Right,x7,497
10,Posterior,Lower_Body,Hamstrings,Biceps_Femoris,Right,y7,353
10,Posterior,Lower_Body,Hamstrings,Biceps_Femoris,Right,x8,500
10,Posterior,Lower_Body,Hamstrings,Biceps_Femoris,Right,y8,340
10,Posterior,Lower_Body,Hamstrings,Biceps_Femoris,Right,x9,502
10,Posterior,Lower_Body,Hamstrings,Biceps_Femoris,Right,y9,316
10,Posterior,Lower_Body,Hamstrings,Biceps_Femoris,Right,x10,NA
10,Posterior,Lower_Body,Hamstrings,Biceps_Femoris,Right,y10,NA
11,Anterior,Upper_Body,Forearm,Brachioradialis,Right,x1,32
11,Anterior,Upper_Body,Forearm,Brachioradialis,Right,y1,231
11,Anterior,Upper_Body,Forearm,Brachioradialis,Right,x2,42
11,Anterior,Upper_Body,Forearm,Brachioradialis,Right,y2,198
11,Anterior,Upper_Body,Forearm,Brachioradialis,Right,x3,53
11,Anterior,Upper_Body,Forearm,Brachioradialis,Right,y3,186
11,Anterior,Upper_Body,Forearm,Brachioradialis,Right,x4,57
11,Anterior,Upper_Body,Forearm,Brachioradialis,Right,y4,196
11,Anterior,Upper_Body,Forearm,Brachioradialis,Right,x5,64
11,Anterior,Upper_Body,Forearm,Brachioradialis,Right,y5,194
11,Anterior,Upper_Body,Forearm,Brachioradialis,Right,x6,28
11,Anterior,Upper_Body,Forearm,Brachioradialis,Right,y6,253
11,Anterior,Upper_Body,Forearm,Brachioradialis,Right,x7,17
11,Anterior,Upper_Body,Forearm,Brachioradialis,Right,y7,259
11,Anterior,Upper_Body,Forearm,Brachioradialis,Right,x8,NA
11,Anterior,Upper_Body,Forearm,Brachioradialis,Right,y8,NA
11,Anterior,Upper_Body,Forearm,Brachioradialis,Right,x9,NA
11,Anterior,Upper_Body,Forearm,Brachioradialis,Right,y9,NA
11,Anterior,Upper_Body,Forearm,Brachioradialis,Right,x10,NA
11,Anterior,Upper_Body,Forearm,Brachioradialis,Right,y10,NA
12,Anterior,Upper_Body,Forearm,Brachioradialis,Left,x1,224
12,Anterior,Upper_Body,Forearm,Brachioradialis,Left,y1,185
12,Anterior,Upper_Body,Forearm,Brachioradialis,Left,x2,221
12,Anterior,Upper_Body,Forearm,Brachioradialis,Left,y2,194
12,Anterior,Upper_Body,Forearm,Brachioradialis,Left,x3,213
12,Anterior,Upper_Body,Forearm,Brachioradialis,Left,y3,193
12,Anterior,Upper_Body,Forearm,Brachioradialis,Left,x4,250
12,Anterior,Upper_Body,Forearm,Brachioradialis,Left,y4,255
12,Anterior,Upper_Body,Forearm,Brachioradialis,Left,x5,262
12,Anterior,Upper_Body,Forearm,Brachioradialis,Left,y5,260
12,Anterior,Upper_Body,Forearm,Brachioradialis,Left,x6,246
12,Anterior,Upper_Body,Forearm,Brachioradialis,Left,y6,233
12,Anterior,Upper_Body,Forearm,Brachioradialis,Left,x7,237
12,Anterior,Upper_Body,Forearm,Brachioradialis,Left,y7,201
12,Anterior,Upper_Body,Forearm,Brachioradialis,Left,x8,186
12,Anterior,Upper_Body,Forearm,Brachioradialis,Left,y8,NA
12,Anterior,Upper_Body,Forearm,Brachioradialis,Left,x9,NA
12,Anterior,Upper_Body,Forearm,Brachioradialis,Left,y9,NA
12,Anterior,Upper_Body,Forearm,Brachioradialis,Left,x10,NA
12,Anterior,Upper_Body,Forearm,Brachioradialis,Left,y10,NA
13,Posterior,Upper_Body,Arm,Deltoids_Back,Left,x1,398
13,Posterior,Upper_Body,Arm,Deltoids_Back,Left,y1,93
13,Posterior,Upper_Body,Arm,Deltoids_Back,Left,x2,383
13,Posterior,Upper_Body,Arm,Deltoids_Back,Left,y2,98
13,Posterior,Upper_Body,Arm,Deltoids_Back,Left,x3,370
13,Posterior,Upper_Body,Arm,Deltoids_Back,Left,y3,110
13,Posterior,Upper_Body,Arm,Deltoids_Back,Left,x4,372
13,Posterior,Upper_Body,Arm,Deltoids_Back,Left,y4,132
13,Posterior,Upper_Body,Arm,Deltoids_Back,Left,x5,386
13,Posterior,Upper_Body,Arm,Deltoids_Back,Left,y5,122
13,Posterior,Upper_Body,Arm,Deltoids_Back,Left,x6,393
13,Posterior,Upper_Body,Arm,Deltoids_Back,Left,y6,115
13,Posterior,Upper_Body,Arm,Deltoids_Back,Left,x7,NA
13,Posterior,Upper_Body,Arm,Deltoids_Back,Left,y7,NA
13,Posterior,Upper_Body,Arm,Deltoids_Back,Left,x8,NA
13,Posterior,Upper_Body,Arm,Deltoids_Back,Left,y8,NA
13,Posterior,Upper_Body,Arm,Deltoids_Back,Left,x9,NA
13,Posterior,Upper_Body,Arm,Deltoids_Back,Left,y9,NA
13,Posterior,Upper_Body,Arm,Deltoids_Back,Left,x10,NA
13,Posterior,Upper_Body,Arm,Deltoids_Back,Left,y10,NA
14,Posterior,Upper_Body,Arm,Deltoids_Back,Right,x1,496
14,Posterior,Upper_Body,Arm,Deltoids_Back,Right,y1,93
14,Posterior,Upper_Body,Arm,Deltoids_Back,Right,x2,513
14,Posterior,Upper_Body,Arm,Deltoids_Back,Right,y2,99
14,Posterior,Upper_Body,Arm,Deltoids_Back,Right,x3,523
14,Posterior,Upper_Body,Arm,Deltoids_Back,Right,y3,111
14,Posterior,Upper_Body,Arm,Deltoids_Back,Right,x4,521
14,Posterior,Upper_Body,Arm,Deltoids_Back,Right,y4,132
14,Posterior,Upper_Body,Arm,Deltoids_Back,Right,x5,505
14,Posterior,Upper_Body,Arm,Deltoids_Back,Right,y5,121
14,Posterior,Upper_Body,Arm,Deltoids_Back,Right,x6,499
14,Posterior,Upper_Body,Arm,Deltoids_Back,Right,y6,112
14,Posterior,Upper_Body,Arm,Deltoids_Back,Right,x7,NA
14,Posterior,Upper_Body,Arm,Deltoids_Back,Right,y7,NA
14,Posterior,Upper_Body,Arm,Deltoids_Back,Right,x8,NA
14,Posterior,Upper_Body,Arm,Deltoids_Back,Right,y8,NA
14,Posterior,Upper_Body,Arm,Deltoids_Back,Right,x9,NA
14,Posterior,Upper_Body,Arm,Deltoids_Back,Right,y9,NA
14,Posterior,Upper_Body,Arm,Deltoids_Back,Right,x10,NA
14,Posterior,Upper_Body,Arm,Deltoids_Back,Right,y10,NA
15,Anterior,Upper_Body,Arm,Deltoids_Front,Left,x1,209
15,Anterior,Upper_Body,Arm,Deltoids_Front,Left,y1,144
15,Anterior,Upper_Body,Arm,Deltoids_Front,Left,x2,212
15,Anterior,Upper_Body,Arm,Deltoids_Front,Left,y2,131
15,Anterior,Upper_Body,Arm,Deltoids_Front,Left,x3,211
15,Anterior,Upper_Body,Arm,Deltoids_Front,Left,y3,115
15,Anterior,Upper_Body,Arm,Deltoids_Front,Left,x4,203
15,Anterior,Upper_Body,Arm,Deltoids_Front,Left,y4,107
15,Anterior,Upper_Body,Arm,Deltoids_Front,Left,x5,191
15,Anterior,Upper_Body,Arm,Deltoids_Front,Left,y5,103
15,Anterior,Upper_Body,Arm,Deltoids_Front,Left,x6,194
15,Anterior,Upper_Body,Arm,Deltoids_Front,Left,y6,119
15,Anterior,Upper_Body,Arm,Deltoids_Front,Left,x7,192
15,Anterior,Upper_Body,Arm,Deltoids_Front,Left,y7,130
15,Anterior,Upper_Body,Arm,Deltoids_Front,Left,x8,NA
15,Anterior,Upper_Body,Arm,Deltoids_Front,Left,y8,NA
15,Anterior,Upper_Body,Arm,Deltoids_Front,Left,x9,NA
15,Anterior,Upper_Body,Arm,Deltoids_Front,Left,y9,NA
15,Anterior,Upper_Body,Arm,Deltoids_Front,Left,x10,NA
15,Anterior,Upper_Body,Arm,Deltoids_Front,Left,y10,NA
16,Anterior,Upper_Body,Arm,Deltoids_Front,Right,x1,86
16,Anterior,Upper_Body,Arm,Deltoids_Front,Right,y1,130
16,Anterior,Upper_Body,Arm,Deltoids_Front,Right,x2,69
16,Anterior,Upper_Body,Arm,Deltoids_Front,Right,y2,144
16,Anterior,Upper_Body,Arm,Deltoids_Front,Right,x3,66
16,Anterior,Upper_Body,Arm,Deltoids_Front,Right,y3,131
16,Anterior,Upper_Body,Arm,Deltoids_Front,Right,x4,67
16,Anterior,Upper_Body,Arm,Deltoids_Front,Right,y4,114
16,Anterior,Upper_Body,Arm,Deltoids_Front,Right,x5,77
16,Anterior,Upper_Body,Arm,Deltoids_Front,Right,y5,105
16,Anterior,Upper_Body,Arm,Deltoids_Front,Right,x6,87
16,Anterior,Upper_Body,Arm,Deltoids_Front,Right,y6,105
16,Anterior,Upper_Body,Arm,Deltoids_Front,Right,x7,83
16,Anterior,Upper_Body,Arm,Deltoids_Front,Right,y7,120
16,Anterior,Upper_Body,Arm,Deltoids_Front,Right,x8,NA
16,Anterior,Upper_Body,Arm,Deltoids_Front,Right,y8,NA
16,Anterior,Upper_Body,Arm,Deltoids_Front,Right,x9,NA
16,Anterior,Upper_Body,Arm,Deltoids_Front,Right,y9,NA
16,Anterior,Upper_Body,Arm,Deltoids_Front,Right,x10,NA
16,Anterior,Upper_Body,Arm,Deltoids_Front,Right,y10,NA
17,Posterior,Upper_Body,Back,Erector_Spinae,Left,x1,441
17,Posterior,Upper_Body,Back,Erector_Spinae,Left,y1,177
17,Posterior,Upper_Body,Back,Erector_Spinae,Left,x2,410
17,Posterior,Upper_Body,Back,Erector_Spinae,Left,y2,187
17,Posterior,Upper_Body,Back,Erector_Spinae,Left,x3,412
17,Posterior,Upper_Body,Back,Erector_Spinae,Left,y3,202
17,Posterior,Upper_Body,Back,Erector_Spinae,Left,x4,445
17,Posterior,Upper_Body,Back,Erector_Spinae,Left,y4,246
17,Posterior,Upper_Body,Back,Erector_Spinae,Left,x5,439
17,Posterior,Upper_Body,Back,Erector_Spinae,Left,y5,201
17,Posterior,Upper_Body,Back,Erector_Spinae,Left,x6,NA
17,Posterior,Upper_Body,Back,Erector_Spinae,Left,y6,NA
17,Posterior,Upper_Body,Back,Erector_Spinae,Left,x7,NA
17,Posterior,Upper_Body,Back,Erector_Spinae,Left,y7,NA
17,Posterior,Upper_Body,Back,Erector_Spinae,Left,x8,NA
17,Posterior,Upper_Body,Back,Erector_Spinae,Left,y8,NA
17,Posterior,Upper_Body,Back,Erector_Spinae,Left,x9,NA
17,Posterior,Upper_Body,Back,Erector_Spinae,Left,y9,NA
17,Posterior,Upper_Body,Back,Erector_Spinae,Left,x10,NA
17,Posterior,Upper_Body,Back,Erector_Spinae,Left,y10,NA
18,Posterior,Upper_Body,Back,Erector_Spinae,Right,x1,452
18,Posterior,Upper_Body,Back,Erector_Spinae,Right,y1,177
18,Posterior,Upper_Body,Back,Erector_Spinae,Right,x2,483
18,Posterior,Upper_Body,Back,Erector_Spinae,Right,y2,187
18,Posterior,Upper_Body,Back,Erector_Spinae,Right,x3,481
18,Posterior,Upper_Body,Back,Erector_Spinae,Right,y3,202
18,Posterior,Upper_Body,Back,Erector_Spinae,Right,x4,448
18,Posterior,Upper_Body,Back,Erector_Spinae,Right,y4,246
18,Posterior,Upper_Body,Back,Erector_Spinae,Right,x5,454
18,Posterior,Upper_Body,Back,Erector_Spinae,Right,y5,203
18,Posterior,Upper_Body,Back,Erector_Spinae,Right,x6,NA
18,Posterior,Upper_Body,Back,Erector_Spinae,Right,y6,NA
18,Posterior,Upper_Body,Back,Erector_Spinae,Right,x7,NA
18,Posterior,Upper_Body,Back,Erector_Spinae,Right,y7,NA
18,Posterior,Upper_Body,Back,Erector_Spinae,Right,x8,NA
18,Posterior,Upper_Body,Back,Erector_Spinae,Right,y8,NA
18,Posterior,Upper_Body,Back,Erector_Spinae,Right,x9,NA
18,Posterior,Upper_Body,Back,Erector_Spinae,Right,y9,NA
18,Posterior,Upper_Body,Back,Erector_Spinae,Right,x10,NA
18,Posterior,Upper_Body,Back,Erector_Spinae,Right,y10,NA
19,Posterior,Upper_Body,Forearm,Extensor_Digitorum,Right,x1,532
19,Posterior,Upper_Body,Forearm,Extensor_Digitorum,Right,y1,184
19,Posterior,Upper_Body,Forearm,Extensor_Digitorum,Right,x2,543
19,Posterior,Upper_Body,Forearm,Extensor_Digitorum,Right,y2,202
19,Posterior,Upper_Body,Forearm,Extensor_Digitorum,Right,x3,548
19,Posterior,Upper_Body,Forearm,Extensor_Digitorum,Right,y3,227
19,Posterior,Upper_Body,Forearm,Extensor_Digitorum,Right,x4,564
19,Posterior,Upper_Body,Forearm,Extensor_Digitorum,Right,y4,256
19,Posterior,Upper_Body,Forearm,Extensor_Digitorum,Right,x5,555
19,Posterior,Upper_Body,Forearm,Extensor_Digitorum,Right,y5,251
19,Posterior,Upper_Body,Forearm,Extensor_Digitorum,Right,x6,536
19,Posterior,Upper_Body,Forearm,Extensor_Digitorum,Right,y6,216
19,Posterior,Upper_Body,Forearm,Extensor_Digitorum,Right,x7,527
19,Posterior,Upper_Body,Forearm,Extensor_Digitorum,Right,y7,203
19,Posterior,Upper_Body,Forearm,Extensor_Digitorum,Right,x8,NA
19,Posterior,Upper_Body,Forearm,Extensor_Digitorum,Right,y8,NA
19,Posterior,Upper_Body,Forearm,Extensor_Digitorum,Right,x9,NA
19,Posterior,Upper_Body,Forearm,Extensor_Digitorum,Right,y9,NA
19,Posterior,Upper_Body,Forearm,Extensor_Digitorum,Right,x10,NA
19,Posterior,Upper_Body,Forearm,Extensor_Digitorum,Right,y10,NA
20,Posterior,Upper_Body,Forearm,Extensor_Digitorum,Left,x1,361
20,Posterior,Upper_Body,Forearm,Extensor_Digitorum,Left,y1,184
20,Posterior,Upper_Body,Forearm,Extensor_Digitorum,Left,x2,350
20,Posterior,Upper_Body,Forearm,Extensor_Digitorum,Left,y2,203
20,Posterior,Upper_Body,Forearm,Extensor_Digitorum,Left,x3,345
20,Posterior,Upper_Body,Forearm,Extensor_Digitorum,Left,y3,226
20,Posterior,Upper_Body,Forearm,Extensor_Digitorum,Left,x4,329
20,Posterior,Upper_Body,Forearm,Extensor_Digitorum,Left,y4,256
20,Posterior,Upper_Body,Forearm,Extensor_Digitorum,Left,x5,338
20,Posterior,Upper_Body,Forearm,Extensor_Digitorum,Left,y5,251
20,Posterior,Upper_Body,Forearm,Extensor_Digitorum,Left,x6,358
20,Posterior,Upper_Body,Forearm,Extensor_Digitorum,Left,y6,214
20,Posterior,Upper_Body,Forearm,Extensor_Digitorum,Left,x7,366
20,Posterior,Upper_Body,Forearm,Extensor_Digitorum,Left,y7,201
20,Posterior,Upper_Body,Forearm,Extensor_Digitorum,Left,x8,NA
20,Posterior,Upper_Body,Forearm,Extensor_Digitorum,Left,y8,NA
20,Posterior,Upper_Body,Forearm,Extensor_Digitorum,Left,x9,NA
20,Posterior,Upper_Body,Forearm,Extensor_Digitorum,Left,y9,NA
20,Posterior,Upper_Body,Forearm,Extensor_Digitorum,Left,x10,NA
20,Posterior,Upper_Body,Forearm,Extensor_Digitorum,Left,y10,NA
21,Posterior,Upper_Body,Forearm,Flexor_Carpi,Right,x1,520
21,Posterior,Upper_Body,Forearm,Flexor_Carpi,Right,y1,193
21,Posterior,Upper_Body,Forearm,Flexor_Carpi,Right,x2,511
21,Posterior,Upper_Body,Forearm,Flexor_Carpi,Right,y2,189
21,Posterior,Upper_Body,Forearm,Flexor_Carpi,Right,x3,515
21,Posterior,Upper_Body,Forearm,Flexor_Carpi,Right,y3,205
21,Posterior,Upper_Body,Forearm,Flexor_Carpi,Right,x4,543
21,Posterior,Upper_Body,Forearm,Flexor_Carpi,Right,y4,250
21,Posterior,Upper_Body,Forearm,Flexor_Carpi,Right,x5,548
21,Posterior,Upper_Body,Forearm,Flexor_Carpi,Right,y5,262
21,Posterior,Upper_Body,Forearm,Flexor_Carpi,Right,x6,551
21,Posterior,Upper_Body,Forearm,Flexor_Carpi,Right,y6,252
21,Posterior,Upper_Body,Forearm,Flexor_Carpi,Right,x7,NA
21,Posterior,Upper_Body,Forearm,Flexor_Carpi,Right,y7,NA
21,Posterior,Upper_Body,Forearm,Flexor_Carpi,Right,x8,NA
21,Posterior,Upper_Body,Forearm,Flexor_Carpi,Right,y8,NA
21,Posterior,Upper_Body,Forearm,Flexor_Carpi,Right,x9,NA
21,Posterior,Upper_Body,Forearm,Flexor_Carpi,Right,y9,NA
21,Posterior,Upper_Body,Forearm,Flexor_Carpi,Right,x10,NA
21,Posterior,Upper_Body,Forearm,Flexor_Carpi,Right,y10,NA
22,Posterior,Upper_Body,Forearm,Flexor_Carpi,Left,x1,373
22,Posterior,Upper_Body,Forearm,Flexor_Carpi,Left,y1,193
22,Posterior,Upper_Body,Forearm,Flexor_Carpi,Left,x2,381
22,Posterior,Upper_Body,Forearm,Flexor_Carpi,Left,y2,189
22,Posterior,Upper_Body,Forearm,Flexor_Carpi,Left,x3,378
22,Posterior,Upper_Body,Forearm,Flexor_Carpi,Left,y3,204
22,Posterior,Upper_Body,Forearm,Flexor_Carpi,Left,x4,351
22,Posterior,Upper_Body,Forearm,Flexor_Carpi,Left,y4,248
22,Posterior,Upper_Body,Forearm,Flexor_Carpi,Left,x5,345
22,Posterior,Upper_Body,Forearm,Flexor_Carpi,Left,y5,261
22,Posterior,Upper_Body,Forearm,Flexor_Carpi,Left,x6,341
22,Posterior,Upper_Body,Forearm,Flexor_Carpi,Left,y6,252
22,Posterior,Upper_Body,Forearm,Flexor_Carpi,Left,x7,NA
22,Posterior,Upper_Body,Forearm,Flexor_Carpi,Left,y7,NA
22,Posterior,Upper_Body,Forearm,Flexor_Carpi,Left,x8,NA
22,Posterior,Upper_Body,Forearm,Flexor_Carpi,Left,y8,NA
22,Posterior,Upper_Body,Forearm,Flexor_Carpi,Left,x9,NA
22,Posterior,Upper_Body,Forearm,Flexor_Carpi,Left,y9,NA
22,Posterior,Upper_Body,Forearm,Flexor_Carpi,Left,x10,NA
22,Posterior,Upper_Body,Forearm,Flexor_Carpi,Left,y10,NA
23,Anterior,Upper_Body,Forearm,Flexor_Digitorum,Left,x1,207
23,Anterior,Upper_Body,Forearm,Flexor_Digitorum,Left,y1,191
23,Anterior,Upper_Body,Forearm,Flexor_Digitorum,Left,x2,207
23,Anterior,Upper_Body,Forearm,Flexor_Digitorum,Left,y2,204
23,Anterior,Upper_Body,Forearm,Flexor_Digitorum,Left,x3,214
23,Anterior,Upper_Body,Forearm,Flexor_Digitorum,Left,y3,220
23,Anterior,Upper_Body,Forearm,Flexor_Digitorum,Left,x4,226
23,Anterior,Upper_Body,Forearm,Flexor_Digitorum,Left,y4,234
23,Anterior,Upper_Body,Forearm,Flexor_Digitorum,Left,x5,243
23,Anterior,Upper_Body,Forearm,Flexor_Digitorum,Left,y5,262
23,Anterior,Upper_Body,Forearm,Flexor_Digitorum,Left,x6,249
23,Anterior,Upper_Body,Forearm,Flexor_Digitorum,Left,y6,258
23,Anterior,Upper_Body,Forearm,Flexor_Digitorum,Left,x7,NA
23,Anterior,Upper_Body,Forearm,Flexor_Digitorum,Left,y7,NA
23,Anterior,Upper_Body,Forearm,Flexor_Digitorum,Left,x8,NA
23,Anterior,Upper_Body,Forearm,Flexor_Digitorum,Left,y8,NA
23,Anterior,Upper_Body,Forearm,Flexor_Digitorum,Left,x9,NA
23,Anterior,Upper_Body,Forearm,Flexor_Digitorum,Left,y9,NA
23,Anterior,Upper_Body,Forearm,Flexor_Digitorum,Left,x10,NA
23,Anterior,Upper_Body,Forearm,Flexor_Digitorum,Left,y10,NA
24,Anterior,Upper_Body,Forearm,Flexor_Digitorum,Right,x1,34
24,Anterior,Upper_Body,Forearm,Flexor_Digitorum,Right,y1,262
24,Anterior,Upper_Body,Forearm,Flexor_Digitorum,Right,x2,50
24,Anterior,Upper_Body,Forearm,Flexor_Digitorum,Right,y2,236
24,Anterior,Upper_Body,Forearm,Flexor_Digitorum,Right,x3,63
24,Anterior,Upper_Body,Forearm,Flexor_Digitorum,Right,y3,220
24,Anterior,Upper_Body,Forearm,Flexor_Digitorum,Right,x4,70
24,Anterior,Upper_Body,Forearm,Flexor_Digitorum,Right,y4,203
24,Anterior,Upper_Body,Forearm,Flexor_Digitorum,Right,x5,69
24,Anterior,Upper_Body,Forearm,Flexor_Digitorum,Right,y5,190
24,Anterior,Upper_Body,Forearm,Flexor_Digitorum,Right,x6,29
24,Anterior,Upper_Body,Forearm,Flexor_Digitorum,Right,y6,256
24,Anterior,Upper_Body,Forearm,Flexor_Digitorum,Right,x7,NA
24,Anterior,Upper_Body,Forearm,Flexor_Digitorum,Right,y7,NA
24,Anterior,Upper_Body,Forearm,Flexor_Digitorum,Right,x8,NA
24,Anterior,Upper_Body,Forearm,Flexor_Digitorum,Right,y8,NA
24,Anterior,Upper_Body,Forearm,Flexor_Digitorum,Right,x9,NA
24,Anterior,Upper_Body,Forearm,Flexor_Digitorum,Right,y9,NA
24,Anterior,Upper_Body,Forearm,Flexor_Digitorum,Right,x10,NA
24,Anterior,Upper_Body,Forearm,Flexor_Digitorum,Right,y10,NA
25,Posterior,Lower_Body,Calves,Gastroc_Lateralis,Left,x1,398
25,Posterior,Lower_Body,Calves,Gastroc_Lateralis,Left,y1,383
25,Posterior,Lower_Body,Calves,Gastroc_Lateralis,Left,x2,396
25,Posterior,Lower_Body,Calves,Gastroc_Lateralis,Left,y2,399
25,Posterior,Lower_Body,Calves,Gastroc_Lateralis,Left,x3,387
25,Posterior,Lower_Body,Calves,Gastroc_Lateralis,Left,y3,428
25,Posterior,Lower_Body,Calves,Gastroc_Lateralis,Left,x4,385
25,Posterior,Lower_Body,Calves,Gastroc_Lateralis,Left,y4,459
25,Posterior,Lower_Body,Calves,Gastroc_Lateralis,Left,x5,389
25,Posterior,Lower_Body,Calves,Gastroc_Lateralis,Left,y5,469
25,Posterior,Lower_Body,Calves,Gastroc_Lateralis,Left,x6,396
25,Posterior,Lower_Body,Calves,Gastroc_Lateralis,Left,y6,460
25,Posterior,Lower_Body,Calves,Gastroc_Lateralis,Left,x7,399
25,Posterior,Lower_Body,Calves,Gastroc_Lateralis,Left,y7,429
25,Posterior,Lower_Body,Calves,Gastroc_Lateralis,Left,x8,404
25,Posterior,Lower_Body,Calves,Gastroc_Lateralis,Left,y8,408
25,Posterior,Lower_Body,Calves,Gastroc_Lateralis,Left,x9,404
25,Posterior,Lower_Body,Calves,Gastroc_Lateralis,Left,y9,398
25,Posterior,Lower_Body,Calves,Gastroc_Lateralis,Left,x10,NA
25,Posterior,Lower_Body,Calves,Gastroc_Lateralis,Left,y10,NA
26,Posterior,Lower_Body,Calves,Gastroc_Lateralis,Right,x1,495
26,Posterior,Lower_Body,Calves,Gastroc_Lateralis,Right,y1,383
26,Posterior,Lower_Body,Calves,Gastroc_Lateralis,Right,x2,499
26,Posterior,Lower_Body,Calves,Gastroc_Lateralis,Right,y2,402
26,Posterior,Lower_Body,Calves,Gastroc_Lateralis,Right,x3,507
26,Posterior,Lower_Body,Calves,Gastroc_Lateralis,Right,y3,427
26,Posterior,Lower_Body,Calves,Gastroc_Lateralis,Right,x4,509
26,Posterior,Lower_Body,Calves,Gastroc_Lateralis,Right,y4,459
26,Posterior,Lower_Body,Calves,Gastroc_Lateralis,Right,x5,504
26,Posterior,Lower_Body,Calves,Gastroc_Lateralis,Right,y5,468
26,Posterior,Lower_Body,Calves,Gastroc_Lateralis,Right,x6,499
26,Posterior,Lower_Body,Calves,Gastroc_Lateralis,Right,y6,461
26,Posterior,Lower_Body,Calves,Gastroc_Lateralis,Right,x7,495
26,Posterior,Lower_Body,Calves,Gastroc_Lateralis,Right,y7,428
26,Posterior,Lower_Body,Calves,Gastroc_Lateralis,Right,x8,489
26,Posterior,Lower_Body,Calves,Gastroc_Lateralis,Right,y8,401
26,Posterior,Lower_Body,Calves,Gastroc_Lateralis,Right,x9,NA
26,Posterior,Lower_Body,Calves,Gastroc_Lateralis,Right,y9,NA
26,Posterior,Lower_Body,Calves,Gastroc_Lateralis,Right,x10,NA
26,Posterior,Lower_Body,Calves,Gastroc_Lateralis,Right,y10,NA
27,Posterior,Lower_Body,Calves,Gastroc_Medialis,Left,x1,417
27,Posterior,Lower_Body,Calves,Gastroc_Medialis,Left,y1,394
27,Posterior,Lower_Body,Calves,Gastroc_Medialis,Left,x2,412
27,Posterior,Lower_Body,Calves,Gastroc_Medialis,Left,y2,400
27,Posterior,Lower_Body,Calves,Gastroc_Medialis,Left,x3,407
27,Posterior,Lower_Body,Calves,Gastroc_Medialis,Left,y3,410
27,Posterior,Lower_Body,Calves,Gastroc_Medialis,Left,x4,402
27,Posterior,Lower_Body,Calves,Gastroc_Medialis,Left,y4,430
27,Posterior,Lower_Body,Calves,Gastroc_Medialis,Left,x5,400
27,Posterior,Lower_Body,Calves,Gastroc_Medialis,Left,y5,457
27,Posterior,Lower_Body,Calves,Gastroc_Medialis,Left,x6,409
27,Posterior,Lower_Body,Calves,Gastroc_Medialis,Left,y6,476
27,Posterior,Lower_Body,Calves,Gastroc_Medialis,Left,x7,420
27,Posterior,Lower_Body,Calves,Gastroc_Medialis,Left,y7,454
27,Posterior,Lower_Body,Calves,Gastroc_Medialis,Left,x8,421
27,Posterior,Lower_Body,Calves,Gastroc_Medialis,Left,y8,403
27,Posterior,Lower_Body,Calves,Gastroc_Medialis,Left,x9,NA
27,Posterior,Lower_Body,Calves,Gastroc_Medialis,Left,y9,NA
27,Posterior,Lower_Body,Calves,Gastroc_Medialis,Left,x10,NA
27,Posterior,Lower_Body,Calves,Gastroc_Medialis,Left,y10,NA
28,Posterior,Lower_Body,Calves,Gastroc_Medialis,Right,x1,477
28,Posterior,Lower_Body,Calves,Gastroc_Medialis,Right,y1,394
28,Posterior,Lower_Body,Calves,Gastroc_Medialis,Right,x2,473
28,Posterior,Lower_Body,Calves,Gastroc_Medialis,Right,y2,402
28,Posterior,Lower_Body,Calves,Gastroc_Medialis,Right,x3,474
28,Posterior,Lower_Body,Calves,Gastroc_Medialis,Right,y3,454
28,Posterior,Lower_Body,Calves,Gastroc_Medialis,Right,x4,485
28,Posterior,Lower_Body,Calves,Gastroc_Medialis,Right,y4,475
28,Posterior,Lower_Body,Calves,Gastroc_Medialis,Right,x5,495
28,Posterior,Lower_Body,Calves,Gastroc_Medialis,Right,y5,457
28,Posterior,Lower_Body,Calves,Gastroc_Medialis,Right,x6,491
28,Posterior,Lower_Body,Calves,Gastroc_Medialis,Right,y6,428
28,Posterior,Lower_Body,Calves,Gastroc_Medialis,Right,x7,486
28,Posterior,Lower_Body,Calves,Gastroc_Medialis,Right,y7,406
28,Posterior,Lower_Body,Calves,Gastroc_Medialis,Right,x8,NA
28,Posterior,Lower_Body,Calves,Gastroc_Medialis,Right,y8,NA
28,Posterior,Lower_Body,Calves,Gastroc_Medialis,Right,x9,NA
28,Posterior,Lower_Body,Calves,Gastroc_Medialis,Right,y9,NA
28,Posterior,Lower_Body,Calves,Gastroc_Medialis,Right,x10,NA
28,Posterior,Lower_Body,Calves,Gastroc_Medialis,Right,y10,NA
29,Posterior,Lower_Body,Gluteus,Gluteus_Max,Left,x1,434
29,Posterior,Lower_Body,Gluteus,Gluteus_Max,Left,y1,240
29,Posterior,Lower_Body,Gluteus,Gluteus_Max,Left,x2,400
29,Posterior,Lower_Body,Gluteus,Gluteus_Max,Left,y2,261
29,Posterior,Lower_Body,Gluteus,Gluteus_Max,Left,x3,399
29,Posterior,Lower_Body,Gluteus,Gluteus_Max,Left,y3,285
29,Posterior,Lower_Body,Gluteus,Gluteus_Max,Left,x4,403
29,Posterior,Lower_Body,Gluteus,Gluteus_Max,Left,y4,302
29,Posterior,Lower_Body,Gluteus,Gluteus_Max,Left,x5,440
29,Posterior,Lower_Body,Gluteus,Gluteus_Max,Left,y5,291
29,Posterior,Lower_Body,Gluteus,Gluteus_Max,Left,x6,445
29,Posterior,Lower_Body,Gluteus,Gluteus_Max,Left,y6,276
29,Posterior,Lower_Body,Gluteus,Gluteus_Max,Left,x7,NA
29,Posterior,Lower_Body,Gluteus,Gluteus_Max,Left,y7,NA
29,Posterior,Lower_Body,Gluteus,Gluteus_Max,Left,x8,NA
29,Posterior,Lower_Body,Gluteus,Gluteus_Max,Left,y8,NA
29,Posterior,Lower_Body,Gluteus,Gluteus_Max,Left,x9,NA
29,Posterior,Lower_Body,Gluteus,Gluteus_Max,Left,y9,NA
29,Posterior,Lower_Body,Gluteus,Gluteus_Max,Left,x10,NA
29,Posterior,Lower_Body,Gluteus,Gluteus_Max,Left,y10,NA
30,Posterior,Lower_Body,Gluteus,Gluteus_Max,Right,x1,459
30,Posterior,Lower_Body,Gluteus,Gluteus_Max,Right,y1,239
30,Posterior,Lower_Body,Gluteus,Gluteus_Max,Right,x2,449
30,Posterior,Lower_Body,Gluteus,Gluteus_Max,Right,y2,275
30,Posterior,Lower_Body,Gluteus,Gluteus_Max,Right,x3,452
30,Posterior,Lower_Body,Gluteus,Gluteus_Max,Right,y3,290
30,Posterior,Lower_Body,Gluteus,Gluteus_Max,Right,x4,489
30,Posterior,Lower_Body,Gluteus,Gluteus_Max,Right,y4,302
30,Posterior,Lower_Body,Gluteus,Gluteus_Max,Right,x5,493
30,Posterior,Lower_Body,Gluteus,Gluteus_Max,Right,y5,286
30,Posterior,Lower_Body,Gluteus,Gluteus_Max,Right,x6,492
30,Posterior,Lower_Body,Gluteus,Gluteus_Max,Right,y6,261
30,Posterior,Lower_Body,Gluteus,Gluteus_Max,Right,x7,NA
30,Posterior,Lower_Body,Gluteus,Gluteus_Max,Right,y7,NA
30,Posterior,Lower_Body,Gluteus,Gluteus_Max,Right,x8,NA
30,Posterior,Lower_Body,Gluteus,Gluteus_Max,Right,y8,NA
30,Posterior,Lower_Body,Gluteus,Gluteus_Max,Right,x9,NA
30,Posterior,Lower_Body,Gluteus,Gluteus_Max,Right,y9,NA
30,Posterior,Lower_Body,Gluteus,Gluteus_Max,Right,x10,NA
30,Posterior,Lower_Body,Gluteus,Gluteus_Max,Right,y10,NA
31,Posterior,Upper_Body,Head,Head_Back,None,x1,448
31,Posterior,Upper_Body,Head,Head_Back,None,y1,6
31,Posterior,Upper_Body,Head,Head_Back,None,x2,436
31,Posterior,Upper_Body,Head,Head_Back,None,y2,9
31,Posterior,Upper_Body,Head,Head_Back,None,x3,426
31,Posterior,Upper_Body,Head,Head_Back,None,y3,19
31,Posterior,Upper_Body,Head,Head_Back,None,x4,426
31,Posterior,Upper_Body,Head,Head_Back,None,y4,38
31,Posterior,Upper_Body,Head,Head_Back,None,x5,435
31,Posterior,Upper_Body,Head,Head_Back,None,y5,53
31,Posterior,Upper_Body,Head,Head_Back,None,x6,460
31,Posterior,Upper_Body,Head,Head_Back,None,y6,53
31,Posterior,Upper_Body,Head,Head_Back,None,x7,468
31,Posterior,Upper_Body,Head,Head_Back,None,y7,38
31,Posterior,Upper_Body,Head,Head_Back,None,x8,468
31,Posterior,Upper_Body,Head,Head_Back,None,y8,19
31,Posterior,Upper_Body,Head,Head_Back,None,x9,459
31,Posterior,Upper_Body,Head,Head_Back,None,y9,9
31,Posterior,Upper_Body,Head,Head_Back,None,x10,NA
31,Posterior,Upper_Body,Head,Head_Back,None,y10,NA
32,Anterior,Upper_Body,Head,Head_Front,None,x1,121
32,Anterior,Upper_Body,Head,Head_Front,None,y1,21
32,Anterior,Upper_Body,Head,Head_Front,None,x2,115
32,Anterior,Upper_Body,Head,Head_Front,None,y2,43
32,Anterior,Upper_Body,Head,Head_Front,None,x3,120
32,Anterior,Upper_Body,Head,Head_Front,None,y3,62
32,Anterior,Upper_Body,Head,Head_Front,None,x4,130
32,Anterior,Upper_Body,Head,Head_Front,None,y4,71
32,Anterior,Upper_Body,Head,Head_Front,None,x5,139
32,Anterior,Upper_Body,Head,Head_Front,None,y5,76
32,Anterior,Upper_Body,Head,Head_Front,None,x6,151
32,Anterior,Upper_Body,Head,Head_Front,None,y6,69
32,Anterior,Upper_Body,Head,Head_Front,None,x7,158
32,Anterior,Upper_Body,Head,Head_Front,None,y7,61
32,Anterior,Upper_Body,Head,Head_Front,None,x8,162
32,Anterior,Upper_Body,Head,Head_Front,None,y8,39
32,Anterior,Upper_Body,Head,Head_Front,None,x9,157
32,Anterior,Upper_Body,Head,Head_Front,None,y9,20
32,Anterior,Upper_Body,Head,Head_Front,None,x10,139
32,Anterior,Upper_Body,Head,Head_Front,None,y10,14
33,Posterior,Lower_Body,Knee,Knee_Back,Left,x1,410
33,Posterior,Lower_Body,Knee,Knee_Back,Left,y1,366
33,Posterior,Lower_Body,Knee,Knee_Back,Left,x2,402
33,Posterior,Lower_Body,Knee,Knee_Back,Left,y2,380
33,Posterior,Lower_Body,Knee,Knee_Back,Left,x3,408
33,Posterior,Lower_Body,Knee,Knee_Back,Left,y3,397
33,Posterior,Lower_Body,Knee,Knee_Back,Left,x4,417
33,Posterior,Lower_Body,Knee,Knee_Back,Left,y4,388
33,Posterior,Lower_Body,Knee,Knee_Back,Left,x5,NA
33,Posterior,Lower_Body,Knee,Knee_Back,Left,y5,NA
33,Posterior,Lower_Body,Knee,Knee_Back,Left,x6,NA
33,Posterior,Lower_Body,Knee,Knee_Back,Left,y6,NA
33,Posterior,Lower_Body,Knee,Knee_Back,Left,x7,NA
33,Posterior,Lower_Body,Knee,Knee_Back,Left,y7,NA
33,Posterior,Lower_Body,Knee,Knee_Back,Left,x8,NA
33,Posterior,Lower_Body,Knee,Knee_Back,Left,y8,NA
33,Posterior,Lower_Body,Knee,Knee_Back,Left,x9,NA
33,Posterior,Lower_Body,Knee,Knee_Back,Left,y9,NA
33,Posterior,Lower_Body,Knee,Knee_Back,Left,x10,NA
33,Posterior,Lower_Body,Knee,Knee_Back,Left,y10,NA
34,Posterior,Lower_Body,Knee,Knee_Back,Right,x1,485
34,Posterior,Lower_Body,Knee,Knee_Back,Right,y1,367
34,Posterior,Lower_Body,Knee,Knee_Back,Right,x2,477
34,Posterior,Lower_Body,Knee,Knee_Back,Right,y2,389
34,Posterior,Lower_Body,Knee,Knee_Back,Right,x3,486
34,Posterior,Lower_Body,Knee,Knee_Back,Right,y3,397
34,Posterior,Lower_Body,Knee,Knee_Back,Right,x4,492
34,Posterior,Lower_Body,Knee,Knee_Back,Right,y4,380
34,Posterior,Lower_Body,Knee,Knee_Back,Right,x5,NA
34,Posterior,Lower_Body,Knee,Knee_Back,Right,y5,NA
34,Posterior,Lower_Body,Knee,Knee_Back,Right,x6,NA
34,Posterior,Lower_Body,Knee,Knee_Back,Right,y6,NA
34,Posterior,Lower_Body,Knee,Knee_Back,Right,x7,NA
34,Posterior,Lower_Body,Knee,Knee_Back,Right,y7,NA
34,Posterior,Lower_Body,Knee,Knee_Back,Right,x8,NA
34,Posterior,Lower_Body,Knee,Knee_Back,Right,y8,NA
34,Posterior,Lower_Body,Knee,Knee_Back,Right,x9,NA
34,Posterior,Lower_Body,Knee,Knee_Back,Right,y9,NA
34,Posterior,Lower_Body,Knee,Knee_Back,Right,x10,NA
34,Posterior,Lower_Body,Knee,Knee_Back,Right,y10,NA
35,Anterior,Lower_Body,Knee,Knee_Front,Right,x1,100
35,Anterior,Lower_Body,Knee,Knee_Front,Right,y1,357
35,Anterior,Lower_Body,Knee,Knee_Front,Right,x2,102
35,Anterior,Lower_Body,Knee,Knee_Front,Right,y2,365
35,Anterior,Lower_Body,Knee,Knee_Front,Right,x3,104
35,Anterior,Lower_Body,Knee,Knee_Front,Right,y3,375
35,Anterior,Lower_Body,Knee,Knee_Front,Right,x4,106
35,Anterior,Lower_Body,Knee,Knee_Front,Right,y4,384
35,Anterior,Lower_Body,Knee,Knee_Front,Right,x5,103
35,Anterior,Lower_Body,Knee,Knee_Front,Right,y5,398
35,Anterior,Lower_Body,Knee,Knee_Front,Right,x6,90
35,Anterior,Lower_Body,Knee,Knee_Front,Right,y6,398
35,Anterior,Lower_Body,Knee,Knee_Front,Right,x7,84
35,Anterior,Lower_Body,Knee,Knee_Front,Right,y7,388
35,Anterior,Lower_Body,Knee,Knee_Front,Right,x8,84
35,Anterior,Lower_Body,Knee,Knee_Front,Right,y8,375
35,Anterior,Lower_Body,Knee,Knee_Front,Right,x9,91
35,Anterior,Lower_Body,Knee,Knee_Front,Right,y9,367
35,Anterior,Lower_Body,Knee,Knee_Front,Right,x10,NA
35,Anterior,Lower_Body,Knee,Knee_Front,Right,y10,NA
36,Anterior,Lower_Body,Knee,Knee_Front,Left,x1,178
36,Anterior,Lower_Body,Knee,Knee_Front,Left,y1,357
36,Anterior,Lower_Body,Knee,Knee_Front,Left,x2,194
36,Anterior,Lower_Body,Knee,Knee_Front,Left,y2,376
36,Anterior,Lower_Body,Knee,Knee_Front,Left,x3,194
36,Anterior,Lower_Body,Knee,Knee_Front,Left,y3,387
36,Anterior,Lower_Body,Knee,Knee_Front,Left,x4,188
36,Anterior,Lower_Body,Knee,Knee_Front,Left,y4,399
36,Anterior,Lower_Body,Knee,Knee_Front,Left,x5,176
36,Anterior,Lower_Body,Knee,Knee_Front,Left,y5,398
36,Anterior,Lower_Body,Knee,Knee_Front,Left,x6,171
36,Anterior,Lower_Body,Knee,Knee_Front,Left,y6,384
36,Anterior,Lower_Body,Knee,Knee_Front,Left,x7,NA
36,Anterior,Lower_Body,Knee,Knee_Front,Left,y7,NA
36,Anterior,Lower_Body,Knee,Knee_Front,Left,x8,NA
36,Anterior,Lower_Body,Knee,Knee_Front,Left,y8,NA
36,Anterior,Lower_Body,Knee,Knee_Front,Left,x9,NA
36,Anterior,Lower_Body,Knee,Knee_Front,Left,y9,NA
36,Anterior,Lower_Body,Knee,Knee_Front,Left,x10,NA
36,Anterior,Lower_Body,Knee,Knee_Front,Left,y10,NA
37,Posterior,Upper_Body,Back,Latissimus_Dorsi,Left,x1,402
37,Posterior,Upper_Body,Back,Latissimus_Dorsi,Left,y1,97
37,Posterior,Upper_Body,Back,Latissimus_Dorsi,Left,x2,395
37,Posterior,Upper_Body,Back,Latissimus_Dorsi,Left,y2,121
37,Posterior,Upper_Body,Back,Latissimus_Dorsi,Left,x3,396
37,Posterior,Upper_Body,Back,Latissimus_Dorsi,Left,y3,136
37,Posterior,Upper_Body,Back,Latissimus_Dorsi,Left,x4,409
37,Posterior,Upper_Body,Back,Latissimus_Dorsi,Left,y4,183
37,Posterior,Upper_Body,Back,Latissimus_Dorsi,Left,x5,440
37,Posterior,Upper_Body,Back,Latissimus_Dorsi,Left,y5,173
37,Posterior,Upper_Body,Back,Latissimus_Dorsi,Left,x6,440
37,Posterior,Upper_Body,Back,Latissimus_Dorsi,Left,y6,162
37,Posterior,Upper_Body,Back,Latissimus_Dorsi,Left,x7,415
37,Posterior,Upper_Body,Back,Latissimus_Dorsi,Left,y7,133
37,Posterior,Upper_Body,Back,Latissimus_Dorsi,Left,x8,408
37,Posterior,Upper_Body,Back,Latissimus_Dorsi,Left,y8,103
37,Posterior,Upper_Body,Back,Latissimus_Dorsi,Left,x9,NA
37,Posterior,Upper_Body,Back,Latissimus_Dorsi,Left,y9,NA
37,Posterior,Upper_Body,Back,Latissimus_Dorsi,Left,x10,NA
37,Posterior,Upper_Body,Back,Latissimus_Dorsi,Left,y10,NA
38,Posterior,Upper_Body,Back,Latissimus_Dorsi,Right,x1,491
38,Posterior,Upper_Body,Back,Latissimus_Dorsi,Right,y1,97
38,Posterior,Upper_Body,Back,Latissimus_Dorsi,Right,x2,498
38,Posterior,Upper_Body,Back,Latissimus_Dorsi,Right,y2,122
38,Posterior,Upper_Body,Back,Latissimus_Dorsi,Right,x3,497
38,Posterior,Upper_Body,Back,Latissimus_Dorsi,Right,y3,138
38,Posterior,Upper_Body,Back,Latissimus_Dorsi,Right,x4,484
38,Posterior,Upper_Body,Back,Latissimus_Dorsi,Right,y4,183
38,Posterior,Upper_Body,Back,Latissimus_Dorsi,Right,x5,453
38,Posterior,Upper_Body,Back,Latissimus_Dorsi,Right,y5,173
38,Posterior,Upper_Body,Back,Latissimus_Dorsi,Right,x6,453
38,Posterior,Upper_Body,Back,Latissimus_Dorsi,Right,y6,162
38,Posterior,Upper_Body,Back,Latissimus_Dorsi,Right,x7,478
38,Posterior,Upper_Body,Back,Latissimus_Dorsi,Right,y7,134
38,Posterior,Upper_Body,Back,Latissimus_Dorsi,Right,x8,485
38,Posterior,Upper_Body,Back,Latissimus_Dorsi,Right,y8,104
38,Posterior,Upper_Body,Back,Latissimus_Dorsi,Right,x9,NA
38,Posterior,Upper_Body,Back,Latissimus_Dorsi,Right,y9,NA
38,Posterior,Upper_Body,Back,Latissimus_Dorsi,Right,x10,NA
38,Posterior,Upper_Body,Back,Latissimus_Dorsi,Right,y10,NA
39,Anterior,Upper_Body,Neck,Neck,Left,x1,153
39,Anterior,Upper_Body,Neck,Neck,Left,y1,72
39,Anterior,Upper_Body,Neck,Neck,Left,x2,141
39,Anterior,Upper_Body,Neck,Neck,Left,y2,96
39,Anterior,Upper_Body,Neck,Neck,Left,x3,141
39,Anterior,Upper_Body,Neck,Neck,Left,y3,110
39,Anterior,Upper_Body,Neck,Neck,Left,x4,168
39,Anterior,Upper_Body,Neck,Neck,Left,y4,112
39,Anterior,Upper_Body,Neck,Neck,Left,x5,190
39,Anterior,Upper_Body,Neck,Neck,Left,y5,124
39,Anterior,Upper_Body,Neck,Neck,Left,x6,187
39,Anterior,Upper_Body,Neck,Neck,Left,y6,104
39,Anterior,Upper_Body,Neck,Neck,Left,x7,172
39,Anterior,Upper_Body,Neck,Neck,Left,y7,100
39,Anterior,Upper_Body,Neck,Neck,Left,x8,160
39,Anterior,Upper_Body,Neck,Neck,Left,y8,89
39,Anterior,Upper_Body,Neck,Neck,Left,x9,NA
39,Anterior,Upper_Body,Neck,Neck,Left,y9,NA
39,Anterior,Upper_Body,Neck,Neck,Left,x10,NA
39,Anterior,Upper_Body,Neck,Neck,Left,y10,NA
40,Anterior,Upper_Body,Neck,Neck,Right,x1,88
40,Anterior,Upper_Body,Neck,Neck,Right,y1,124
40,Anterior,Upper_Body,Neck,Neck,Right,x2,91
40,Anterior,Upper_Body,Neck,Neck,Right,y2,105
40,Anterior,Upper_Body,Neck,Neck,Right,x3,106
40,Anterior,Upper_Body,Neck,Neck,Right,y3,100
40,Anterior,Upper_Body,Neck,Neck,Right,x4,118
40,Anterior,Upper_Body,Neck,Neck,Right,y4,88
40,Anterior,Upper_Body,Neck,Neck,Right,x5,126
40,Anterior,Upper_Body,Neck,Neck,Right,y5,74
40,Anterior,Upper_Body,Neck,Neck,Right,x6,137
40,Anterior,Upper_Body,Neck,Neck,Right,y6,97
40,Anterior,Upper_Body,Neck,Neck,Right,x7,136
40,Anterior,Upper_Body,Neck,Neck,Right,y7,110
40,Anterior,Upper_Body,Neck,Neck,Right,x8,110
40,Anterior,Upper_Body,Neck,Neck,Right,y8,111
40,Anterior,Upper_Body,Neck,Neck,Right,x9,NA
40,Anterior,Upper_Body,Neck,Neck,Right,y9,NA
40,Anterior,Upper_Body,Neck,Neck,Right,x10,NA
40,Anterior,Upper_Body,Neck,Neck,Right,y10,NA
41,Anterior,Upper_Body,Abdominals,Oblique,Left,x1,185
41,Anterior,Upper_Body,Abdominals,Oblique,Left,y1,169
41,Anterior,Upper_Body,Abdominals,Oblique,Left,x2,182
41,Anterior,Upper_Body,Abdominals,Oblique,Left,y2,154
41,Anterior,Upper_Body,Abdominals,Oblique,Left,x3,161
41,Anterior,Upper_Body,Abdominals,Oblique,Left,y3,160
41,Anterior,Upper_Body,Abdominals,Oblique,Left,x4,164
41,Anterior,Upper_Body,Abdominals,Oblique,Left,y4,171
41,Anterior,Upper_Body,Abdominals,Oblique,Left,x5,165
41,Anterior,Upper_Body,Abdominals,Oblique,Left,y5,218
41,Anterior,Upper_Body,Abdominals,Oblique,Left,x6,178
41,Anterior,Upper_Body,Abdominals,Oblique,Left,y6,207
41,Anterior,Upper_Body,Abdominals,Oblique,Left,x7,180
41,Anterior,Upper_Body,Abdominals,Oblique,Left,y7,185
41,Anterior,Upper_Body,Abdominals,Oblique,Left,x8,182
41,Anterior,Upper_Body,Abdominals,Oblique,Left,y8,NA
41,Anterior,Upper_Body,Abdominals,Oblique,Left,x9,NA
41,Anterior,Upper_Body,Abdominals,Oblique,Left,y9,NA
41,Anterior,Upper_Body,Abdominals,Oblique,Left,x10,NA
41,Anterior,Upper_Body,Abdominals,Oblique,Left,y10,NA
42,Anterior,Upper_Body,Abdominals,Oblique,Right,x1,100
42,Anterior,Upper_Body,Abdominals,Oblique,Right,y1,206
42,Anterior,Upper_Body,Abdominals,Oblique,Right,x2,98
42,Anterior,Upper_Body,Abdominals,Oblique,Right,y2,190
42,Anterior,Upper_Body,Abdominals,Oblique,Right,x3,93
42,Anterior,Upper_Body,Abdominals,Oblique,Right,y3,169
42,Anterior,Upper_Body,Abdominals,Oblique,Right,x4,96
42,Anterior,Upper_Body,Abdominals,Oblique,Right,y4,154
42,Anterior,Upper_Body,Abdominals,Oblique,Right,x5,117
42,Anterior,Upper_Body,Abdominals,Oblique,Right,y5,159
42,Anterior,Upper_Body,Abdominals,Oblique,Right,x6,113
42,Anterior,Upper_Body,Abdominals,Oblique,Right,y6,169
42,Anterior,Upper_Body,Abdominals,Oblique,Right,x7,113
42,Anterior,Upper_Body,Abdominals,Oblique,Right,y7,219
42,Anterior,Upper_Body,Abdominals,Oblique,Right,x8,NA
42,Anterior,Upper_Body,Abdominals,Oblique,Right,y8,NA
42,Anterior,Upper_Body,Abdominals,Oblique,Right,x9,NA
42,Anterior,Upper_Body,Abdominals,Oblique,Right,y9,NA
42,Anterior,Upper_Body,Abdominals,Oblique,Right,x10,NA
42,Anterior,Upper_Body,Abdominals,Oblique,Right,y10,NA
43,Anterior,Upper_Body,Pectoralis,Pectoral_Mayoris,Left,x1,144
43,Anterior,Upper_Body,Pectoralis,Pectoral_Mayoris,Left,y1,116
43,Anterior,Upper_Body,Pectoralis,Pectoral_Mayoris,Left,x2,142
43,Anterior,Upper_Body,Pectoralis,Pectoral_Mayoris,Left,y2,149
43,Anterior,Upper_Body,Pectoralis,Pectoral_Mayoris,Left,x3,159
43,Anterior,Upper_Body,Pectoralis,Pectoral_Mayoris,Left,y3,156
43,Anterior,Upper_Body,Pectoralis,Pectoral_Mayoris,Left,x4,183
43,Anterior,Upper_Body,Pectoralis,Pectoral_Mayoris,Left,y4,150
43,Anterior,Upper_Body,Pectoralis,Pectoral_Mayoris,Left,x5,190
43,Anterior,Upper_Body,Pectoralis,Pectoral_Mayoris,Left,y5,130
43,Anterior,Upper_Body,Pectoralis,Pectoral_Mayoris,Left,x6,169
43,Anterior,Upper_Body,Pectoralis,Pectoral_Mayoris,Left,y6,116
43,Anterior,Upper_Body,Pectoralis,Pectoral_Mayoris,Left,x7,NA
43,Anterior,Upper_Body,Pectoralis,Pectoral_Mayoris,Left,y7,NA
43,Anterior,Upper_Body,Pectoralis,Pectoral_Mayoris,Left,x8,NA
43,Anterior,Upper_Body,Pectoralis,Pectoral_Mayoris,Left,y8,NA
43,Anterior,Upper_Body,Pectoralis,Pectoral_Mayoris,Left,x9,NA
43,Anterior,Upper_Body,Pectoralis,Pectoral_Mayoris,Left,y9,NA
43,Anterior,Upper_Body,Pectoralis,Pectoral_Mayoris,Left,x10,NA
43,Anterior,Upper_Body,Pectoralis,Pectoral_Mayoris,Left,y10,NA
44,Anterior,Upper_Body,Pectoralis,Pectoral_Mayoris,Right,x1,90
44,Anterior,Upper_Body,Pectoralis,Pectoral_Mayoris,Right,y1,128
44,Anterior,Upper_Body,Pectoralis,Pectoral_Mayoris,Right,x2,94
44,Anterior,Upper_Body,Pectoralis,Pectoral_Mayoris,Right,y2,150
44,Anterior,Upper_Body,Pectoralis,Pectoral_Mayoris,Right,x3,117
44,Anterior,Upper_Body,Pectoralis,Pectoral_Mayoris,Right,y3,156
44,Anterior,Upper_Body,Pectoralis,Pectoral_Mayoris,Right,x4,135
44,Anterior,Upper_Body,Pectoralis,Pectoral_Mayoris,Right,y4,149
44,Anterior,Upper_Body,Pectoralis,Pectoral_Mayoris,Right,x5,134
44,Anterior,Upper_Body,Pectoralis,Pectoral_Mayoris,Right,y5,117
44,Anterior,Upper_Body,Pectoralis,Pectoral_Mayoris,Right,x6,109
44,Anterior,Upper_Body,Pectoralis,Pectoral_Mayoris,Right,y6,117
44,Anterior,Upper_Body,Pectoralis,Pectoral_Mayoris,Right,x7,NA
44,Anterior,Upper_Body,Pectoralis,Pectoral_Mayoris,Right,y7,NA
44,Anterior,Upper_Body,Pectoralis,Pectoral_Mayoris,Right,x8,NA
44,Anterior,Upper_Body,Pectoralis,Pectoral_Mayoris,Right,y8,NA
44,Anterior,Upper_Body,Pectoralis,Pectoral_Mayoris,Right,x9,NA
44,Anterior,Upper_Body,Pectoralis,Pectoral_Mayoris,Right,y9,NA
44,Anterior,Upper_Body,Pectoralis,Pectoral_Mayoris,Right,x10,NA
44,Anterior,Upper_Body,Pectoralis,Pectoral_Mayoris,Right,y10,NA
45,Posterior,Lower_Body,Lower Leg,Peroneus_Longus,Left,x1,390
45,Posterior,Lower_Body,Lower Leg,Peroneus_Longus,Left,y1,484
45,Posterior,Lower_Body,Lower Leg,Peroneus_Longus,Left,x2,395
45,Posterior,Lower_Body,Lower Leg,Peroneus_Longus,Left,y2,521
45,Posterior,Lower_Body,Lower Leg,Peroneus_Longus,Left,x3,390
45,Posterior,Lower_Body,Lower Leg,Peroneus_Longus,Left,y3,528
45,Posterior,Lower_Body,Lower Leg,Peroneus_Longus,Left,x4,387
45,Posterior,Lower_Body,Lower Leg,Peroneus_Longus,Left,y4,518
45,Posterior,Lower_Body,Lower Leg,Peroneus_Longus,Left,x5,NA
45,Posterior,Lower_Body,Lower Leg,Peroneus_Longus,Left,y5,NA
45,Posterior,Lower_Body,Lower Leg,Peroneus_Longus,Left,x6,NA
45,Posterior,Lower_Body,Lower Leg,Peroneus_Longus,Left,y6,NA
45,Posterior,Lower_Body,Lower Leg,Peroneus_Longus,Left,x7,NA
45,Posterior,Lower_Body,Lower Leg,Peroneus_Longus,Left,y7,NA
45,Posterior,Lower_Body,Lower Leg,Peroneus_Longus,Left,x8,NA
45,Posterior,Lower_Body,Lower Leg,Peroneus_Longus,Left,y8,NA
45,Posterior,Lower_Body,Lower Leg,Peroneus_Longus,Left,x9,NA
45,Posterior,Lower_Body,Lower Leg,Peroneus_Longus,Left,y9,NA
45,Posterior,Lower_Body,Lower Leg,Peroneus_Longus,Left,x10,NA
45,Posterior,Lower_Body,Lower Leg,Peroneus_Longus,Left,y10,NA
46,Posterior,Lower_Body,Lower Leg,Peroneus_Longus,Right,x1,504
46,Posterior,Lower_Body,Lower Leg,Peroneus_Longus,Right,y1,482
46,Posterior,Lower_Body,Lower Leg,Peroneus_Longus,Right,x2,499
46,Posterior,Lower_Body,Lower Leg,Peroneus_Longus,Right,y2,521
46,Posterior,Lower_Body,Lower Leg,Peroneus_Longus,Right,x3,503
46,Posterior,Lower_Body,Lower Leg,Peroneus_Longus,Right,y3,528
46,Posterior,Lower_Body,Lower Leg,Peroneus_Longus,Right,x4,508
46,Posterior,Lower_Body,Lower Leg,Peroneus_Longus,Right,y4,517
46,Posterior,Lower_Body,Lower Leg,Peroneus_Longus,Right,x5,NA
46,Posterior,Lower_Body,Lower Leg,Peroneus_Longus,Right,y5,NA
46,Posterior,Lower_Body,Lower Leg,Peroneus_Longus,Right,x6,NA
46,Posterior,Lower_Body,Lower Leg,Peroneus_Longus,Right,y6,NA
46,Posterior,Lower_Body,Lower Leg,Peroneus_Longus,Right,x7,NA
46,Posterior,Lower_Body,Lower Leg,Peroneus_Longus,Right,y7,NA
46,Posterior,Lower_Body,Lower Leg,Peroneus_Longus,Right,x8,NA
46,Posterior,Lower_Body,Lower Leg,Peroneus_Longus,Right,y8,NA
46,Posterior,Lower_Body,Lower Leg,Peroneus_Longus,Right,x9,NA
46,Posterior,Lower_Body,Lower Leg,Peroneus_Longus,Right,y9,NA
46,Posterior,Lower_Body,Lower Leg,Peroneus_Longus,Right,x10,NA
46,Posterior,Lower_Body,Lower Leg,Peroneus_Longus,Right,y10,NA
47,Anterior,Upper_Body,Abdominals,Rectus_Abdominis,Left,x1,155
47,Anterior,Upper_Body,Abdominals,Rectus_Abdominis,Left,y1,159
47,Anterior,Upper_Body,Abdominals,Rectus_Abdominis,Left,x2,159
47,Anterior,Upper_Body,Abdominals,Rectus_Abdominis,Left,y2,171
47,Anterior,Upper_Body,Abdominals,Rectus_Abdominis,Left,x3,160
47,Anterior,Upper_Body,Abdominals,Rectus_Abdominis,Left,y3,205
47,Anterior,Upper_Body,Abdominals,Rectus_Abdominis,Left,x4,160
47,Anterior,Upper_Body,Abdominals,Rectus_Abdominis,Left,y4,241
47,Anterior,Upper_Body,Abdominals,Rectus_Abdominis,Left,x5,152
47,Anterior,Upper_Body,Abdominals,Rectus_Abdominis,Left,y5,269
47,Anterior,Upper_Body,Abdominals,Rectus_Abdominis,Left,x6,141
47,Anterior,Upper_Body,Abdominals,Rectus_Abdominis,Left,y6,280
47,Anterior,Upper_Body,Abdominals,Rectus_Abdominis,Left,x7,142
47,Anterior,Upper_Body,Abdominals,Rectus_Abdominis,Left,y7,154
47,Anterior,Upper_Body,Abdominals,Rectus_Abdominis,Left,x8,NA
47,Anterior,Upper_Body,Abdominals,Rectus_Abdominis,Left,y8,NA
47,Anterior,Upper_Body,Abdominals,Rectus_Abdominis,Left,x9,NA
47,Anterior,Upper_Body,Abdominals,Rectus_Abdominis,Left,y9,NA
47,Anterior,Upper_Body,Abdominals,Rectus_Abdominis,Left,x10,NA
47,Anterior,Upper_Body,Abdominals,Rectus_Abdominis,Left,y10,NA
48,Anterior,Upper_Body,Abdominals,Rectus_Abdominis,Right,x1,124
48,Anterior,Upper_Body,Abdominals,Rectus_Abdominis,Right,y1,158
48,Anterior,Upper_Body,Abdominals,Rectus_Abdominis,Right,x2,136
48,Anterior,Upper_Body,Abdominals,Rectus_Abdominis,Right,y2,154
48,Anterior,Upper_Body,Abdominals,Rectus_Abdominis,Right,x3,137
48,Anterior,Upper_Body,Abdominals,Rectus_Abdominis,Right,y3,280
48,Anterior,Upper_Body,Abdominals,Rectus_Abdominis,Right,x4,126
48,Anterior,Upper_Body,Abdominals,Rectus_Abdominis,Right,y4,268
48,Anterior,Upper_Body,Abdominals,Rectus_Abdominis,Right,x5,117
48,Anterior,Upper_Body,Abdominals,Rectus_Abdominis,Right,y5,238
48,Anterior,Upper_Body,Abdominals,Rectus_Abdominis,Right,x6,117
48,Anterior,Upper_Body,Abdominals,Rectus_Abdominis,Right,y6,205
48,Anterior,Upper_Body,Abdominals,Rectus_Abdominis,Right,x7,118
48,Anterior,Upper_Body,Abdominals,Rectus_Abdominis,Right,y7,172
48,Anterior,Upper_Body,Abdominals,Rectus_Abdominis,Right,x8,NA
48,Anterior,Upper_Body,Abdominals,Rectus_Abdominis,Right,y8,NA
48,Anterior,Upper_Body,Abdominals,Rectus_Abdominis,Right,x9,NA
48,Anterior,Upper_Body,Abdominals,Rectus_Abdominis,Right,y9,NA
48,Anterior,Upper_Body,Abdominals,Rectus_Abdominis,Right,x10,NA
48,Anterior,Upper_Body,Abdominals,Rectus_Abdominis,Right,y10,NA
49,Anterior,Lower_Body,Quadriceps,Rectus_Femoris,Right,x1,102
49,Anterior,Lower_Body,Quadriceps,Rectus_Femoris,Right,y1,256
49,Anterior,Lower_Body,Quadriceps,Rectus_Femoris,Right,x2,108
49,Anterior,Lower_Body,Quadriceps,Rectus_Femoris,Right,y2,279
49,Anterior,Lower_Body,Quadriceps,Rectus_Femoris,Right,x3,108
49,Anterior,Lower_Body,Quadriceps,Rectus_Femoris,Right,y3,327
49,Anterior,Lower_Body,Quadriceps,Rectus_Femoris,Right,x4,101
49,Anterior,Lower_Body,Quadriceps,Rectus_Femoris,Right,y4,350
49,Anterior,Lower_Body,Quadriceps,Rectus_Femoris,Right,x5,93
49,Anterior,Lower_Body,Quadriceps,Rectus_Femoris,Right,y5,339
49,Anterior,Lower_Body,Quadriceps,Rectus_Femoris,Right,x6,89
49,Anterior,Lower_Body,Quadriceps,Rectus_Femoris,Right,y6,308
49,Anterior,Lower_Body,Quadriceps,Rectus_Femoris,Right,x7,86
49,Anterior,Lower_Body,Quadriceps,Rectus_Femoris,Right,y7,287
49,Anterior,Lower_Body,Quadriceps,Rectus_Femoris,Right,x8,89
49,Anterior,Lower_Body,Quadriceps,Rectus_Femoris,Right,y8,261
49,Anterior,Lower_Body,Quadriceps,Rectus_Femoris,Right,x9,96
49,Anterior,Lower_Body,Quadriceps,Rectus_Femoris,Right,y9,246
49,Anterior,Lower_Body,Quadriceps,Rectus_Femoris,Right,x10,NA
49,Anterior,Lower_Body,Quadriceps,Rectus_Femoris,Right,y10,NA
50,Anterior,Lower_Body,Quadriceps,Rectus_Femoris,Left,x1,172
50,Anterior,Lower_Body,Quadriceps,Rectus_Femoris,Left,y1,273
50,Anterior,Lower_Body,Quadriceps,Rectus_Femoris,Left,x2,175
50,Anterior,Lower_Body,Quadriceps,Rectus_Femoris,Left,y2,259
50,Anterior,Lower_Body,Quadriceps,Rectus_Femoris,Left,x3,181
50,Anterior,Lower_Body,Quadriceps,Rectus_Femoris,Left,y3,246
50,Anterior,Lower_Body,Quadriceps,Rectus_Femoris,Left,x4,189
50,Anterior,Lower_Body,Quadriceps,Rectus_Femoris,Left,y4,262
50,Anterior,Lower_Body,Quadriceps,Rectus_Femoris,Left,x5,191
50,Anterior,Lower_Body,Quadriceps,Rectus_Femoris,Left,y5,288
50,Anterior,Lower_Body,Quadriceps,Rectus_Femoris,Left,x6,184
50,Anterior,Lower_Body,Quadriceps,Rectus_Femoris,Left,y6,340
50,Anterior,Lower_Body,Quadriceps,Rectus_Femoris,Left,x7,177
50,Anterior,Lower_Body,Quadriceps,Rectus_Femoris,Left,y7,351
50,Anterior,Lower_Body,Quadriceps,Rectus_Femoris,Left,x8,170
50,Anterior,Lower_Body,Quadriceps,Rectus_Femoris,Left,y8,329
50,Anterior,Lower_Body,Quadriceps,Rectus_Femoris,Left,x9,169
50,Anterior,Lower_Body,Quadriceps,Rectus_Femoris,Left,y9,287
50,Anterior,Lower_Body,Quadriceps,Rectus_Femoris,Left,x10,190
50,Anterior,Lower_Body,Quadriceps,Rectus_Femoris,Left,y10,NA
51,Posterior,Lower_Body,Hamstrings,Semitendinosus,Left,x1,420
51,Posterior,Lower_Body,Hamstrings,Semitendinosus,Left,y1,301
51,Posterior,Lower_Body,Hamstrings,Semitendinosus,Left,x2,433
51,Posterior,Lower_Body,Hamstrings,Semitendinosus,Left,y2,349
51,Posterior,Lower_Body,Hamstrings,Semitendinosus,Left,x3,424
51,Posterior,Lower_Body,Hamstrings,Semitendinosus,Left,y3,398
51,Posterior,Lower_Body,Hamstrings,Semitendinosus,Left,x4,414
51,Posterior,Lower_Body,Hamstrings,Semitendinosus,Left,y4,365
51,Posterior,Lower_Body,Hamstrings,Semitendinosus,Left,x5,416
51,Posterior,Lower_Body,Hamstrings,Semitendinosus,Left,y5,324
51,Posterior,Lower_Body,Hamstrings,Semitendinosus,Left,x6,NA
51,Posterior,Lower_Body,Hamstrings,Semitendinosus,Left,y6,NA
51,Posterior,Lower_Body,Hamstrings,Semitendinosus,Left,x7,NA
51,Posterior,Lower_Body,Hamstrings,Semitendinosus,Left,y7,NA
51,Posterior,Lower_Body,Hamstrings,Semitendinosus,Left,x8,NA
51,Posterior,Lower_Body,Hamstrings,Semitendinosus,Left,y8,NA
51,Posterior,Lower_Body,Hamstrings,Semitendinosus,Left,x9,NA
51,Posterior,Lower_Body,Hamstrings,Semitendinosus,Left,y9,NA
51,Posterior,Lower_Body,Hamstrings,Semitendinosus,Left,x10,NA
51,Posterior,Lower_Body,Hamstrings,Semitendinosus,Left,y10,NA
52,Posterior,Lower_Body,Hamstrings,Semitendinosus,Right,x1,474
52,Posterior,Lower_Body,Hamstrings,Semitendinosus,Right,y1,301
52,Posterior,Lower_Body,Hamstrings,Semitendinosus,Right,x2,478
52,Posterior,Lower_Body,Hamstrings,Semitendinosus,Right,y2,326
52,Posterior,Lower_Body,Hamstrings,Semitendinosus,Right,x3,480
52,Posterior,Lower_Body,Hamstrings,Semitendinosus,Right,y3,366
52,Posterior,Lower_Body,Hamstrings,Semitendinosus,Right,x4,470
52,Posterior,Lower_Body,Hamstrings,Semitendinosus,Right,y4,398
52,Posterior,Lower_Body,Hamstrings,Semitendinosus,Right,x5,461
52,Posterior,Lower_Body,Hamstrings,Semitendinosus,Right,y5,350
52,Posterior,Lower_Body,Hamstrings,Semitendinosus,Right,x6,NA
52,Posterior,Lower_Body,Hamstrings,Semitendinosus,Right,y6,NA
52,Posterior,Lower_Body,Hamstrings,Semitendinosus,Right,x7,NA
52,Posterior,Lower_Body,Hamstrings,Semitendinosus,Right,y7,NA
52,Posterior,Lower_Body,Hamstrings,Semitendinosus,Right,x8,NA
52,Posterior,Lower_Body,Hamstrings,Semitendinosus,Right,y8,NA
52,Posterior,Lower_Body,Hamstrings,Semitendinosus,Right,x9,NA
52,Posterior,Lower_Body,Hamstrings,Semitendinosus,Right,y9,NA
52,Posterior,Lower_Body,Hamstrings,Semitendinosus,Right,x10,NA
52,Posterior,Lower_Body,Hamstrings,Semitendinosus,Right,y10,NA
53,Anterior,Lower_Body,Lower Leg,Shin,Left,x1,195
53,Anterior,Lower_Body,Lower Leg,Shin,Left,y1,492
53,Anterior,Lower_Body,Lower Leg,Shin,Left,x2,188
53,Anterior,Lower_Body,Lower Leg,Shin,Left,y2,404
53,Anterior,Lower_Body,Lower Leg,Shin,Left,x3,177
53,Anterior,Lower_Body,Lower Leg,Shin,Left,y3,402
53,Anterior,Lower_Body,Lower Leg,Shin,Left,x4,174
53,Anterior,Lower_Body,Lower Leg,Shin,Left,y4,412
53,Anterior,Lower_Body,Lower Leg,Shin,Left,x5,174
53,Anterior,Lower_Body,Lower Leg,Shin,Left,y5,419
53,Anterior,Lower_Body,Lower Leg,Shin,Left,x6,178
53,Anterior,Lower_Body,Lower Leg,Shin,Left,y6,448
53,Anterior,Lower_Body,Lower Leg,Shin,Left,x7,NA
53,Anterior,Lower_Body,Lower Leg,Shin,Left,y7,NA
53,Anterior,Lower_Body,Lower Leg,Shin,Left,x8,NA
53,Anterior,Lower_Body,Lower Leg,Shin,Left,y8,NA
53,Anterior,Lower_Body,Lower Leg,Shin,Left,x9,NA
53,Anterior,Lower_Body,Lower Leg,Shin,Left,y9,NA
53,Anterior,Lower_Body,Lower Leg,Shin,Left,x10,NA
53,Anterior,Lower_Body,Lower Leg,Shin,Left,y10,NA
54,Anterior,Lower_Body,Lower Leg,Shin,Right,x1,104
54,Anterior,Lower_Body,Lower Leg,Shin,Right,y1,402
54,Anterior,Lower_Body,Lower Leg,Shin,Right,x2,105
54,Anterior,Lower_Body,Lower Leg,Shin,Right,y2,412
54,Anterior,Lower_Body,Lower Leg,Shin,Right,x3,105
54,Anterior,Lower_Body,Lower Leg,Shin,Right,y3,419
54,Anterior,Lower_Body,Lower Leg,Shin,Right,x4,102
54,Anterior,Lower_Body,Lower Leg,Shin,Right,y4,447
54,Anterior,Lower_Body,Lower Leg,Shin,Right,x5,83
54,Anterior,Lower_Body,Lower Leg,Shin,Right,y5,491
54,Anterior,Lower_Body,Lower Leg,Shin,Right,x6,91
54,Anterior,Lower_Body,Lower Leg,Shin,Right,y6,403
54,Anterior,Lower_Body,Lower Leg,Shin,Right,x7,NA
54,Anterior,Lower_Body,Lower Leg,Shin,Right,y7,NA
54,Anterior,Lower_Body,Lower Leg,Shin,Right,x8,NA
54,Anterior,Lower_Body,Lower Leg,Shin,Right,y8,NA
54,Anterior,Lower_Body,Lower Leg,Shin,Right,x9,NA
54,Anterior,Lower_Body,Lower Leg,Shin,Right,y9,NA
54,Anterior,Lower_Body,Lower Leg,Shin,Right,x10,NA
54,Anterior,Lower_Body,Lower Leg,Shin,Right,y10,NA
55,Posterior,Lower_Body,Calves,Soleus,Left,x1,396
55,Posterior,Lower_Body,Calves,Soleus,Left,y1,466
55,Posterior,Lower_Body,Calves,Soleus,Left,x2,400
55,Posterior,Lower_Body,Calves,Soleus,Left,y2,466
55,Posterior,Lower_Body,Calves,Soleus,Left,x3,408
55,Posterior,Lower_Body,Calves,Soleus,Left,y3,480
55,Posterior,Lower_Body,Calves,Soleus,Left,x4,401
55,Posterior,Lower_Body,Calves,Soleus,Left,y4,523
55,Posterior,Lower_Body,Calves,Soleus,Left,x5,396
55,Posterior,Lower_Body,Calves,Soleus,Left,y5,508
55,Posterior,Lower_Body,Calves,Soleus,Left,x6,392
55,Posterior,Lower_Body,Calves,Soleus,Left,y6,472
55,Posterior,Lower_Body,Calves,Soleus,Left,x7,NA
55,Posterior,Lower_Body,Calves,Soleus,Left,y7,NA
55,Posterior,Lower_Body,Calves,Soleus,Left,x8,NA
55,Posterior,Lower_Body,Calves,Soleus,Left,y8,NA
55,Posterior,Lower_Body,Calves,Soleus,Left,x9,NA
55,Posterior,Lower_Body,Calves,Soleus,Left,y9,NA
55,Posterior,Lower_Body,Calves,Soleus,Left,x10,NA
55,Posterior,Lower_Body,Calves,Soleus,Left,y10,NA
56,Posterior,Lower_Body,Calves,Soleus,Right,x1,493
56,Posterior,Lower_Body,Calves,Soleus,Right,y1,466
56,Posterior,Lower_Body,Calves,Soleus,Right,x2,498
56,Posterior,Lower_Body,Calves,Soleus,Right,y2,466
56,Posterior,Lower_Body,Calves,Soleus,Right,x3,502
56,Posterior,Lower_Body,Calves,Soleus,Right,y3,472
56,Posterior,Lower_Body,Calves,Soleus,Right,x4,498
56,Posterior,Lower_Body,Calves,Soleus,Right,y4,507
56,Posterior,Lower_Body,Calves,Soleus,Right,x5,494
56,Posterior,Lower_Body,Calves,Soleus,Right,y5,522
56,Posterior,Lower_Body,Calves,Soleus,Right,x6,487
56,Posterior,Lower_Body,Calves,Soleus,Right,y6,481
56,Posterior,Lower_Body,Calves,Soleus,Right,x7,NA
56,Posterior,Lower_Body,Calves,Soleus,Right,y7,NA
56,Posterior,Lower_Body,Calves,Soleus,Right,x8,NA
56,Posterior,Lower_Body,Calves,Soleus,Right,y8,NA
56,Posterior,Lower_Body,Calves,Soleus,Right,x9,NA
56,Posterior,Lower_Body,Calves,Soleus,Right,y9,NA
56,Posterior,Lower_Body,Calves,Soleus,Right,x10,NA
56,Posterior,Lower_Body,Calves,Soleus,Right,y10,NA
57,Anterior,Lower_Body,Lower Leg,Tibialis_Anterior,Left,x1,192
57,Anterior,Lower_Body,Lower Leg,Tibialis_Anterior,Left,y1,407
57,Anterior,Lower_Body,Lower Leg,Tibialis_Anterior,Left,x2,197
57,Anterior,Lower_Body,Lower Leg,Tibialis_Anterior,Left,y2,390
57,Anterior,Lower_Body,Lower Leg,Tibialis_Anterior,Left,x3,205
57,Anterior,Lower_Body,Lower Leg,Tibialis_Anterior,Left,y3,409
57,Anterior,Lower_Body,Lower Leg,Tibialis_Anterior,Left,x4,212
57,Anterior,Lower_Body,Lower Leg,Tibialis_Anterior,Left,y4,425
57,Anterior,Lower_Body,Lower Leg,Tibialis_Anterior,Left,x5,209
57,Anterior,Lower_Body,Lower Leg,Tibialis_Anterior,Left,y5,474
57,Anterior,Lower_Body,Lower Leg,Tibialis_Anterior,Left,x6,212
57,Anterior,Lower_Body,Lower Leg,Tibialis_Anterior,Left,y6,493
57,Anterior,Lower_Body,Lower Leg,Tibialis_Anterior,Left,x7,200
57,Anterior,Lower_Body,Lower Leg,Tibialis_Anterior,Left,y7,493
57,Anterior,Lower_Body,Lower Leg,Tibialis_Anterior,Left,x8,NA
57,Anterior,Lower_Body,Lower Leg,Tibialis_Anterior,Left,y8,NA
57,Anterior,Lower_Body,Lower Leg,Tibialis_Anterior,Left,x9,NA
57,Anterior,Lower_Body,Lower Leg,Tibialis_Anterior,Left,y9,NA
57,Anterior,Lower_Body,Lower Leg,Tibialis_Anterior,Left,x10,NA
57,Anterior,Lower_Body,Lower Leg,Tibialis_Anterior,Left,y10,NA
58,Anterior,Lower_Body,Lower Leg,Tibialis_Anterior,Right,x1,78
58,Anterior,Lower_Body,Lower Leg,Tibialis_Anterior,Right,y1,491
58,Anterior,Lower_Body,Lower Leg,Tibialis_Anterior,Right,x2,85
58,Anterior,Lower_Body,Lower Leg,Tibialis_Anterior,Right,y2,418
58,Anterior,Lower_Body,Lower Leg,Tibialis_Anterior,Right,x3,86
58,Anterior,Lower_Body,Lower Leg,Tibialis_Anterior,Right,y3,407
58,Anterior,Lower_Body,Lower Leg,Tibialis_Anterior,Right,x4,81
58,Anterior,Lower_Body,Lower Leg,Tibialis_Anterior,Right,y4,392
58,Anterior,Lower_Body,Lower Leg,Tibialis_Anterior,Right,x5,78
58,Anterior,Lower_Body,Lower Leg,Tibialis_Anterior,Right,y5,400
58,Anterior,Lower_Body,Lower Leg,Tibialis_Anterior,Right,x6,72
58,Anterior,Lower_Body,Lower Leg,Tibialis_Anterior,Right,y6,410
58,Anterior,Lower_Body,Lower Leg,Tibialis_Anterior,Right,x7,68
58,Anterior,Lower_Body,Lower Leg,Tibialis_Anterior,Right,y7,425
58,Anterior,Lower_Body,Lower Leg,Tibialis_Anterior,Right,x8,71
58,Anterior,Lower_Body,Lower Leg,Tibialis_Anterior,Right,y8,475
58,Anterior,Lower_Body,Lower Leg,Tibialis_Anterior,Right,x9,68
58,Anterior,Lower_Body,Lower Leg,Tibialis_Anterior,Right,y9,493
58,Anterior,Lower_Body,Lower Leg,Tibialis_Anterior,Right,x10,NA
58,Anterior,Lower_Body,Lower Leg,Tibialis_Anterior,Right,y10,NA
59,Posterior,Upper_Body,Back,Trapezius,Left,x1,434
59,Posterior,Upper_Body,Back,Trapezius,Left,y1,57
59,Posterior,Upper_Body,Back,Trapezius,Left,x2,441
59,Posterior,Upper_Body,Back,Trapezius,Left,y2,57
59,Posterior,Upper_Body,Back,Trapezius,Left,x3,440
59,Posterior,Upper_Body,Back,Trapezius,Left,y3,96
59,Posterior,Upper_Body,Back,Trapezius,Left,x4,441
59,Posterior,Upper_Body,Back,Trapezius,Left,y4,158
59,Posterior,Upper_Body,Back,Trapezius,Left,x5,419
59,Posterior,Upper_Body,Back,Trapezius,Left,y5,131
59,Posterior,Upper_Body,Back,Trapezius,Left,x6,412
59,Posterior,Upper_Body,Back,Trapezius,Left,y6,102
59,Posterior,Upper_Body,Back,Trapezius,Left,x7,402
59,Posterior,Upper_Body,Back,Trapezius,Left,y7,92
59,Posterior,Upper_Body,Back,Trapezius,Left,x8,421
59,Posterior,Upper_Body,Back,Trapezius,Left,y8,84
59,Posterior,Upper_Body,Back,Trapezius,Left,x9,432
59,Posterior,Upper_Body,Back,Trapezius,Left,y9,70
59,Posterior,Upper_Body,Back,Trapezius,Left,x10,NA
59,Posterior,Upper_Body,Back,Trapezius,Left,y10,NA
60,Posterior,Upper_Body,Back,Trapezius,Right,x1,452
60,Posterior,Upper_Body,Back,Trapezius,Right,y1,57
60,Posterior,Upper_Body,Back,Trapezius,Right,x2,460
60,Posterior,Upper_Body,Back,Trapezius,Right,y2,57
60,Posterior,Upper_Body,Back,Trapezius,Right,x3,462
60,Posterior,Upper_Body,Back,Trapezius,Right,y3,70
60,Posterior,Upper_Body,Back,Trapezius,Right,x4,472
60,Posterior,Upper_Body,Back,Trapezius,Right,y4,83
60,Posterior,Upper_Body,Back,Trapezius,Right,x5,491
60,Posterior,Upper_Body,Back,Trapezius,Right,y5,92
60,Posterior,Upper_Body,Back,Trapezius,Right,x6,481
60,Posterior,Upper_Body,Back,Trapezius,Right,y6,101
60,Posterior,Upper_Body,Back,Trapezius,Right,x7,474
60,Posterior,Upper_Body,Back,Trapezius,Right,y7,131
60,Posterior,Upper_Body,Back,Trapezius,Right,x8,452
60,Posterior,Upper_Body,Back,Trapezius,Right,y8,158
60,Posterior,Upper_Body,Back,Trapezius,Right,x9,454
60,Posterior,Upper_Body,Back,Trapezius,Right,y9,96
60,Posterior,Upper_Body,Back,Trapezius,Right,x10,NA
60,Posterior,Upper_Body,Back,Trapezius,Right,y10,NA
61,Posterior,Upper_Body,Arm,Triceps_Lateral,Left,x1,392
61,Posterior,Upper_Body,Arm,Triceps_Lateral,Left,y1,123
61,Posterior,Upper_Body,Arm,Triceps_Lateral,Left,x2,371
61,Posterior,Upper_Body,Arm,Triceps_Lateral,Left,y2,137
61,Posterior,Upper_Body,Arm,Triceps_Lateral,Left,x3,363
61,Posterior,Upper_Body,Arm,Triceps_Lateral,Left,y3,176
61,Posterior,Upper_Body,Arm,Triceps_Lateral,Left,x4,368
61,Posterior,Upper_Body,Arm,Triceps_Lateral,Left,y4,198
61,Posterior,Upper_Body,Arm,Triceps_Lateral,Left,x5,380
61,Posterior,Upper_Body,Arm,Triceps_Lateral,Left,y5,156
61,Posterior,Upper_Body,Arm,Triceps_Lateral,Left,x6,392
61,Posterior,Upper_Body,Arm,Triceps_Lateral,Left,y6,137
61,Posterior,Upper_Body,Arm,Triceps_Lateral,Left,x7,NA
61,Posterior,Upper_Body,Arm,Triceps_Lateral,Left,y7,NA
61,Posterior,Upper_Body,Arm,Triceps_Lateral,Left,x8,NA
61,Posterior,Upper_Body,Arm,Triceps_Lateral,Left,y8,NA
61,Posterior,Upper_Body,Arm,Triceps_Lateral,Left,x9,NA
61,Posterior,Upper_Body,Arm,Triceps_Lateral,Left,y9,NA
61,Posterior,Upper_Body,Arm,Triceps_Lateral,Left,x10,NA
61,Posterior,Upper_Body,Arm,Triceps_Lateral,Left,y10,NA
62,Posterior,Upper_Body,Arm,Triceps_Lateral,Right,x1,502
62,Posterior,Upper_Body,Arm,Triceps_Lateral,Right,y1,124
62,Posterior,Upper_Body,Arm,Triceps_Lateral,Right,x2,522
62,Posterior,Upper_Body,Arm,Triceps_Lateral,Right,y2,137
62,Posterior,Upper_Body,Arm,Triceps_Lateral,Right,x3,531
62,Posterior,Upper_Body,Arm,Triceps_Lateral,Right,y3,178
62,Posterior,Upper_Body,Arm,Triceps_Lateral,Right,x4,525
62,Posterior,Upper_Body,Arm,Triceps_Lateral,Right,y4,199
62,Posterior,Upper_Body,Arm,Triceps_Lateral,Right,x5,512
62,Posterior,Upper_Body,Arm,Triceps_Lateral,Right,y5,154
62,Posterior,Upper_Body,Arm,Triceps_Lateral,Right,x6,501
62,Posterior,Upper_Body,Arm,Triceps_Lateral,Right,y6,137
62,Posterior,Upper_Body,Arm,Triceps_Lateral,Right,x7,NA
62,Posterior,Upper_Body,Arm,Triceps_Lateral,Right,y7,NA
62,Posterior,Upper_Body,Arm,Triceps_Lateral,Right,x8,NA
62,Posterior,Upper_Body,Arm,Triceps_Lateral,Right,y8,NA
62,Posterior,Upper_Body,Arm,Triceps_Lateral,Right,x9,NA
62,Posterior,Upper_Body,Arm,Triceps_Lateral,Right,y9,NA
62,Posterior,Upper_Body,Arm,Triceps_Lateral,Right,x10,NA
62,Posterior,Upper_Body,Arm,Triceps_Lateral,Right,y10,NA
63,Posterior,Upper_Body,Arm,Triceps_Medial,Left,x1,392
63,Posterior,Upper_Body,Arm,Triceps_Medial,Left,y1,143
63,Posterior,Upper_Body,Arm,Triceps_Medial,Left,x2,392
63,Posterior,Upper_Body,Arm,Triceps_Medial,Left,y2,167
63,Posterior,Upper_Body,Arm,Triceps_Medial,Left,x3,383
63,Posterior,Upper_Body,Arm,Triceps_Medial,Left,y3,183
63,Posterior,Upper_Body,Arm,Triceps_Medial,Left,x4,378
63,Posterior,Upper_Body,Arm,Triceps_Medial,Left,y4,188
63,Posterior,Upper_Body,Arm,Triceps_Medial,Left,x5,382
63,Posterior,Upper_Body,Arm,Triceps_Medial,Left,y5,160
63,Posterior,Upper_Body,Arm,Triceps_Medial,Left,x6,NA
63,Posterior,Upper_Body,Arm,Triceps_Medial,Left,y6,NA
63,Posterior,Upper_Body,Arm,Triceps_Medial,Left,x7,NA
63,Posterior,Upper_Body,Arm,Triceps_Medial,Left,y7,NA
63,Posterior,Upper_Body,Arm,Triceps_Medial,Left,x8,NA
63,Posterior,Upper_Body,Arm,Triceps_Medial,Left,y8,NA
63,Posterior,Upper_Body,Arm,Triceps_Medial,Left,x9,NA
63,Posterior,Upper_Body,Arm,Triceps_Medial,Left,y9,NA
63,Posterior,Upper_Body,Arm,Triceps_Medial,Left,x10,NA
63,Posterior,Upper_Body,Arm,Triceps_Medial,Left,y10,NA
64,Posterior,Upper_Body,Arm,Triceps_Medial,Right,x1,500
64,Posterior,Upper_Body,Arm,Triceps_Medial,Right,y1,143
64,Posterior,Upper_Body,Arm,Triceps_Medial,Right,x2,510
64,Posterior,Upper_Body,Arm,Triceps_Medial,Right,y2,158
64,Posterior,Upper_Body,Arm,Triceps_Medial,Right,x3,518
64,Posterior,Upper_Body,Arm,Triceps_Medial,Right,y3,188
64,Posterior,Upper_Body,Arm,Triceps_Medial,Right,x4,509
64,Posterior,Upper_Body,Arm,Triceps_Medial,Right,y4,183
64,Posterior,Upper_Body,Arm,Triceps_Medial,Right,x5,500
64,Posterior,Upper_Body,Arm,Triceps_Medial,Right,y5,168
64,Posterior,Upper_Body,Arm,Triceps_Medial,Right,x6,NA
64,Posterior,Upper_Body,Arm,Triceps_Medial,Right,y6,NA
64,Posterior,Upper_Body,Arm,Triceps_Medial,Right,x7,NA
64,Posterior,Upper_Body,Arm,Triceps_Medial,Right,y7,NA
64,Posterior,Upper_Body,Arm,Triceps_Medial,Right,x8,NA
64,Posterior,Upper_Body,Arm,Triceps_Medial,Right,y8,NA
64,Posterior,Upper_Body,Arm,Triceps_Medial,Right,x9,NA
64,Posterior,Upper_Body,Arm,Triceps_Medial,Right,y9,NA
64,Posterior,Upper_Body,Arm,Triceps_Medial,Right,x10,NA
64,Posterior,Upper_Body,Arm,Triceps_Medial,Right,y10,NA
65,Anterior,Lower_Body,Quadriceps,Vastus_Lateralis,Right,x1,97
65,Anterior,Lower_Body,Quadriceps,Vastus_Lateralis,Right,y1,353
65,Anterior,Lower_Body,Quadriceps,Vastus_Lateralis,Right,x2,82
65,Anterior,Lower_Body,Quadriceps,Vastus_Lateralis,Right,y2,371
65,Anterior,Lower_Body,Quadriceps,Vastus_Lateralis,Right,x3,80
65,Anterior,Lower_Body,Quadriceps,Vastus_Lateralis,Right,y3,349
65,Anterior,Lower_Body,Quadriceps,Vastus_Lateralis,Right,x4,80
65,Anterior,Lower_Body,Quadriceps,Vastus_Lateralis,Right,y4,326
65,Anterior,Lower_Body,Quadriceps,Vastus_Lateralis,Right,x5,83
65,Anterior,Lower_Body,Quadriceps,Vastus_Lateralis,Right,y5,294
65,Anterior,Lower_Body,Quadriceps,Vastus_Lateralis,Right,x6,89
65,Anterior,Lower_Body,Quadriceps,Vastus_Lateralis,Right,y6,341
65,Anterior,Lower_Body,Quadriceps,Vastus_Lateralis,Right,x7,NA
65,Anterior,Lower_Body,Quadriceps,Vastus_Lateralis,Right,y7,NA
65,Anterior,Lower_Body,Quadriceps,Vastus_Lateralis,Right,x8,NA
65,Anterior,Lower_Body,Quadriceps,Vastus_Lateralis,Right,y8,NA
65,Anterior,Lower_Body,Quadriceps,Vastus_Lateralis,Right,x9,NA
65,Anterior,Lower_Body,Quadriceps,Vastus_Lateralis,Right,y9,NA
65,Anterior,Lower_Body,Quadriceps,Vastus_Lateralis,Right,x10,NA
65,Anterior,Lower_Body,Quadriceps,Vastus_Lateralis,Right,y10,NA
66,Anterior,Lower_Body,Quadriceps,Vastus_Lateralis,Left,x1,193
66,Anterior,Lower_Body,Quadriceps,Vastus_Lateralis,Left,y1,291
66,Anterior,Lower_Body,Quadriceps,Vastus_Lateralis,Left,x2,198
66,Anterior,Lower_Body,Quadriceps,Vastus_Lateralis,Left,y2,318
66,Anterior,Lower_Body,Quadriceps,Vastus_Lateralis,Left,x3,198
66,Anterior,Lower_Body,Quadriceps,Vastus_Lateralis,Left,y3,358
66,Anterior,Lower_Body,Quadriceps,Vastus_Lateralis,Left,x4,195
66,Anterior,Lower_Body,Quadriceps,Vastus_Lateralis,Left,y4,371
66,Anterior,Lower_Body,Quadriceps,Vastus_Lateralis,Left,x5,180
66,Anterior,Lower_Body,Quadriceps,Vastus_Lateralis,Left,y5,353
66,Anterior,Lower_Body,Quadriceps,Vastus_Lateralis,Left,x6,189
66,Anterior,Lower_Body,Quadriceps,Vastus_Lateralis,Left,y6,341
66,Anterior,Lower_Body,Quadriceps,Vastus_Lateralis,Left,x7,NA
66,Anterior,Lower_Body,Quadriceps,Vastus_Lateralis,Left,y7,NA
66,Anterior,Lower_Body,Quadriceps,Vastus_Lateralis,Left,x8,NA
66,Anterior,Lower_Body,Quadriceps,Vastus_Lateralis,Left,y8,NA
66,Anterior,Lower_Body,Quadriceps,Vastus_Lateralis,Left,x9,NA
66,Anterior,Lower_Body,Quadriceps,Vastus_Lateralis,Left,y9,NA
66,Anterior,Lower_Body,Quadriceps,Vastus_Lateralis,Left,x10,NA
66,Anterior,Lower_Body,Quadriceps,Vastus_Lateralis,Left,y10,NA
67,Anterior,Lower_Body,Quadriceps,Vastus_Medialis,Right,x1,112
67,Anterior,Lower_Body,Quadriceps,Vastus_Medialis,Right,y1,331
67,Anterior,Lower_Body,Quadriceps,Vastus_Medialis,Right,x2,111
67,Anterior,Lower_Body,Quadriceps,Vastus_Medialis,Right,y2,289
67,Anterior,Lower_Body,Quadriceps,Vastus_Medialis,Right,x3,118
67,Anterior,Lower_Body,Quadriceps,Vastus_Medialis,Right,y3,304
67,Anterior,Lower_Body,Quadriceps,Vastus_Medialis,Right,x4,126
67,Anterior,Lower_Body,Quadriceps,Vastus_Medialis,Right,y4,331
67,Anterior,Lower_Body,Quadriceps,Vastus_Medialis,Right,x5,122
67,Anterior,Lower_Body,Quadriceps,Vastus_Medialis,Right,y5,345
67,Anterior,Lower_Body,Quadriceps,Vastus_Medialis,Right,x6,115
67,Anterior,Lower_Body,Quadriceps,Vastus_Medialis,Right,y6,372
67,Anterior,Lower_Body,Quadriceps,Vastus_Medialis,Right,x7,106
67,Anterior,Lower_Body,Quadriceps,Vastus_Medialis,Right,y7,373
67,Anterior,Lower_Body,Quadriceps,Vastus_Medialis,Right,x8,104
67,Anterior,Lower_Body,Quadriceps,Vastus_Medialis,Right,y8,357
67,Anterior,Lower_Body,Quadriceps,Vastus_Medialis,Right,x9,NA
67,Anterior,Lower_Body,Quadriceps,Vastus_Medialis,Right,y9,NA
67,Anterior,Lower_Body,Quadriceps,Vastus_Medialis,Right,x10,NA
67,Anterior,Lower_Body,Quadriceps,Vastus_Medialis,Right,y10,NA
68,Anterior,Lower_Body,Quadriceps,Vastus_Medialis,Left,x1,163
68,Anterior,Lower_Body,Quadriceps,Vastus_Medialis,Left,y1,371
68,Anterior,Lower_Body,Quadriceps,Vastus_Medialis,Left,x2,153
68,Anterior,Lower_Body,Quadriceps,Vastus_Medialis,Left,y2,330
68,Anterior,Lower_Body,Quadriceps,Vastus_Medialis,Left,x3,166
68,Anterior,Lower_Body,Quadriceps,Vastus_Medialis,Left,y3,293
68,Anterior,Lower_Body,Quadriceps,Vastus_Medialis,Left,x4,167
68,Anterior,Lower_Body,Quadriceps,Vastus_Medialis,Left,y4,333
68,Anterior,Lower_Body,Quadriceps,Vastus_Medialis,Left,x5,174
68,Anterior,Lower_Body,Quadriceps,Vastus_Medialis,Left,y5,356
68,Anterior,Lower_Body,Quadriceps,Vastus_Medialis,Left,x6,171
68,Anterior,Lower_Body,Quadriceps,Vastus_Medialis,Left,y6,373
68,Anterior,Lower_Body,Quadriceps,Vastus_Medialis,Left,x7,171
68,Anterior,Lower_Body,Quadriceps,Vastus_Medialis,Left,y7,NA
68,Anterior,Lower_Body,Quadriceps,Vastus_Medialis,Left,x8,NA
68,Anterior,Lower_Body,Quadriceps,Vastus_Medialis,Left,y8,NA
68,Anterior,Lower_Body,Quadriceps,Vastus_Medialis,Left,x9,NA
68,Anterior,Lower_Body,Quadriceps,Vastus_Medialis,Left,y9,NA
68,Anterior,Lower_Body,Quadriceps,Vastus_Medialis,Left,x10,NA
68,Anterior,Lower_Body,Quadriceps,Vastus_Medialis,Left,y10,NA
